"","temp","wdsp","visib","num_offences"
"2",25.5,17.4,8,-2.18714802581844
"3",18.7,8.7,10,-1.10234800565061
"4",30.7,9,10,-1.19445366774033
"5",34.9,6.1,10,-0.457608371022557
"6",46.2,7.6,10,-0.0175479854827754
"7",40.6,7.6,10,-0.539480070657865
"8",32.6,2.5,10,-1.18421970528592
"9",34.3,6.8,8.6,-0.334800821569594
"10",39.6,6.8,10,-0.171057422298978
"11",39.2,2.8,10,-0.283631009297527
"12",33.8,7.1,6.3,-1.74708764027866
"13",20.4,12.4,5.6,-1.67544990309777
"14",17.7,5.9,8.5,-1.37866499191977
"15",18.7,6,9.7,-1.47077065400949
"16",34.9,11.5,10,-0.918136681471165
"17",35.7,10.6,5.2,-0.733925357291722
"18",18.5,9.3,9.8,-1.27632536737564
"19",20.3,13.1,9.3,-1.71638575291542
"20",9.9,4.7,7.3,-2.36112538754347
"21",20.4,5.7,8.4,-2.03363858900224
"22",23.5,11,5.7,-2.39182727490671
"23",38.5,13,5.4,-0.836264981835857
"24",31.1,11.4,10,-0.181291384753392
"25",29.5,2.7,7,0.473682212329073
"26",34.2,3.2,4.1,0.0950256015157733
"27",37.2,7.1,7.7,0.176897301151081
"28",32.4,12.3,7.7,-1.10234800565061
"29",29.4,9.9,9.2,-1.05117819337854
"30",31.9,9.1,10,-0.488310258385797
"31",49.6,13.5,10,0.494150137237901
"32",43.7,6.3,9.9,1.29239920868215
"33",36.3,3.3,5.1,-0.355268746478421
"34",35.6,5,5.3,-0.191525347207805
"35",37.8,9.3,7.7,-0.692989507474068
"36",36.3,4.6,9.4,-1.75732160273307
"37",31.9,7.8,6.5,-1.54240839119039
"38",31.9,9.8,6.9,-0.590649882929932
"39",30.6,8.4,10,-1.07164611828737
"40",27.8,7.5,9.6,-0.887434794107924
"41",31.8,9.7,7.5,-1.44006876664625
"42",14.6,16,9.2,-2.08480840127431
"43",22,11,10,-2.02340462654782
"44",26.8,6.6,10,-1.90059707709486
"45",31.7,7.7,7.5,-1.44006876664625
"46",37,8.4,8.7,0.125727488879014
"47",40.3,7.9,5.7,-0.46784233347697
"48",37.4,7.1,10,0.719297311234998
"49",36.7,8.2,10,-1.56287631609922
"50",31.8,5.3,10,-1.33772914210212
"51",31.6,5.8,10,-2.04387255145665
"52",38.1,11.4,7.9,-0.672521582565241
"53",38.4,6.5,9.7,-0.191525347207805
"54",36,3.9,5.8,-1.01024234356089
"55",34.1,13,4.1,-1.34796310455653
"56",25.2,12.8,9.9,-1.26609140492122
"57",29.6,10.2,10,-1.9312989644581
"58",36.9,11.3,10,-1.00000838110647
"59",32.7,5.7,9.8,-0.232461197025459
"60",47.6,12.9,6.9,-0.416672521204903
"61",37.6,11,9.4,1.30263317113657
"62",38.1,7.9,8,-0.355268746478421
"63",33.3,15.5,9.4,-1.38889895437419
"64",30.2,7.6,9.6,-1.6242800908257
"65",28.2,6.6,9.1,-1.5526423536448
"66",43.8,15.2,10,0.228067113423149
"67",60.2,22.2,10,0.350874662876111
"68",50.1,17.6,9,0.0643237141525327
"69",36,12.1,10,0.432746362511419
"70",38.4,12,10,-0.252929121934286
"71",53.2,10,10,-1.13304989301385
"72",59.2,13.8,8.5,-0.0380159103916024
"73",58,6.9,10,0.1154935264246
"74",62.6,8.8,10,0.146195413787841
"75",71.2,8.4,10,0.862572785596787
"76",60.4,5.2,9.4,0.422512400057006
"77",69.5,9.2,10,1.57895015740573
"78",69.5,8.2,10,0.0336218267892922
"79",69.2,8.4,9.9,0.647659574054103
"80",74.3,13.4,10,0.780701085961479
"81",73.8,8.7,10,1.64035393213221
"82",71.2,5,9.8,0.647659574054103
"83",62.8,5,6.3,0.616957686690863
"84",56.2,4.8,5.2,-0.109653647572497
"85",57.6,6.1,6.7,-0.314332896660767
"86",43.2,13.5,10,-0.866966869199097
"87",50.1,14.9,10,-0.488310258385797
"88",63.8,13.4,10,-0.048249872846016
"89",46.1,8.3,10,0.330406737967284
"90",45.4,8.1,8.4,0.25876900078639
"91",42.2,8.4,9.4,-0.385970633841662
"92",49.2,6.8,5.9,0.852338823142374
"93",51.9,10.9,8.6,-0.897668756562338
"94",57.7,7.9,10,-0.324566859115181
"95",51.5,13.4,10,-0.519012145749038
"96",45.6,15.1,10,-0.355268746478421
"97",43.6,8.3,10,-0.130121572481324
"98",49.5,5.8,10,0.606723724236449
"99",56.7,10.9,10,-0.979540456197646
"100",54.3,11.6,10,0.0233878643348787
"101",43,12.2,10,-0.733925357291722
"102",41.8,7.3,10,0.0438557892437057
"103",46.7,3.6,10,0.0745576766069463
"104",53.7,9.1,10,0.238301075877563
"105",59,8.8,10,0.28947088814963
"106",67.3,11.6,8.8,0.627191649145276
"107",60,20.3,9.6,0.156429376242254
"108",48.5,6.6,10,0.442980324965833
"109",54.1,9,10,-0.375736671387249
"110",58,7.9,10,0.46344824987466
"111",45.3,9.9,9.5,0.0131539018804651
"112",44.5,9.5,10,-0.406438558750489
"113",46.1,10.4,10,-0.938604606379992
"114",48.6,10.7,10,0.197365226059908
"115",51.6,4.7,10,-0.201759309662219
"116",55.2,5.3,9.8,0.371342587784938
"117",51.3,10.5,8.5,0.0950256015157733
"118",44.2,7.9,10,0.483916174783487
"119",46.6,11.6,9.7,-0.385970633841662
"120",48.7,10,10,-1.15351781792268
"121",54.3,6,7.4,-0.478076295931384
"122",57.8,5.7,6.7,1.52778034513367
"123",67.3,8.9,6.7,0.831870898233547
"124",75.6,10.2,10,0.66812749896293
"125",66.9,7.7,8.9,1.17982562168361
"126",56.6,7.1,4.2,0.350874662876111
"127",58.4,8,8.3,-0.733925357291722
"128",60.3,5.4,6.2,0.586255799327622
"129",61.1,6.6,8.4,1.11842184695713
"130",56.9,7.8,9.8,0.627191649145276
"131",55.4,5.5,10,0.00291993942605163
"132",61,7.2,10,0.84210486068796
"133",64.5,9.8,10,0.166663338696668
"134",61,7,10,-0.98977441865206
"135",63.8,3.1,10,0.903508635414441
"136",71.3,9.3,10,1.28216524622774
"137",61.2,11.1,9.8,0.320172775512871
"138",59.7,4.8,10,0.391810512693765
"139",67.1,7.4,10,0.63742561159969
"140",75,7.8,10,0.156429376242254
"141",78.9,9.3,10,0.412278437602592
"142",65.1,11.7,10,-0.304098934206354
"143",60.2,6.5,10,0.350874662876111
"144",64.2,5,10,1.59941808231456
"145",75.7,13.6,10,1.0979539220483
"146",76.1,11,10,1.71199166931311
"147",69.6,9.2,10,-0.048249872846016
"148",79.2,8.2,10,0.1154935264246
"149",85.9,12.5,10,1.16959165922919
"150",78.1,10.8,10,1.82456525631166
"151",65,8.1,10,0.709063348780584
"152",51.4,9.8,8.8,-0.887434794107924
"154",61.2,9,10,0.28947088814963
"155",68.9,8.2,10,0.770467123507065
"156",70.2,7.5,10,0.657893536508517
"157",64.4,8,10,0.350874662876111
"158",64.8,6.5,10,1.10818788450271
"159",68.3,4,10,0.770467123507065
"160",72.9,5.7,10,2.02924450539993
"161",78.9,8.6,10,1.37427090831746
"162",80.3,9.8,10,0.944444485232095
"163",80.6,9.9,10,1.54824827004249
"164",73.7,10.2,10,1.77339544403959
"165",65.2,6.4,10,1.64035393213221
"166",70.5,7.5,10,0.647659574054103
"167",77.4,8.2,10,1.7017577068587
"168",81.5,8.8,10,1.49707845777043
"169",77.3,7.8,9,0.309938813058457
"170",81,12.4,10,1.55848223249691
"171",86,14.1,10,0.903508635414441
"172",86.1,13.3,10,1.86550110612931
"173",81.1,9.8,10,1.43567468304394
"174",76.4,6.7,10,2.09064828012641
"175",76.2,5.1,10,2.17251997976172
"176",78.9,4.7,10,1.65058789458663
"177",71.2,12.9,10,0.504384099692314
"178",70,5.2,9.6,0.422512400057006
"179",74.9,9.5,10,1.34356902095422
"180",87,9.9,10,0.238301075877563
"181",81.7,4.5,9.4,1.3231010960454
"182",79.3,5.5,9.7,0.975146372595336
"184",83.8,3.9,8.8,1.43567468304394
"185",86.7,8.3,10,1.4766105328616
"186",89.8,8.4,10,1.3231010960454
"187",89.5,6.5,10,0.964912410140922
"188",92.3,6.5,10,1.13888977186595
"189",86.9,8.7,10,1.50731242022484
"190",77.2,12.3,10,1.81433129385724
"191",77.9,5.2,10,1.52778034513367
"192",76.5,8.3,10,1.41520675813512
"193",75.7,7.5,10,1.16959165922919
"194",79.8,6.6,10,1.27193128377333
"195",81.1,7.8,9.3,1.72222563176752
"196",77.8,4.5,9,1.41520675813512
"197",80.9,6.7,10,2.14181809239848
"198",85.2,6.3,10,0.739765236143825
"199",89.2,8.8,10,0.903508635414441
"200",83.9,6.2,10,0.627191649145276
"201",77,8.8,8.8,0.0540897516981192
"202",74.7,10.8,9.9,1.59941808231456
"203",75.8,4.5,10,1.52778034513367
"204",79.4,4.3,10,0.709063348780584
"205",86.2,9.7,10,0.739765236143825
"206",80.6,6.8,9.6,0.524852024601141
"207",80.5,9.3,10,0.985380335049749
"208",83.3,10.7,9.8,0.616957686690863
"209",75.4,6,10,1.27193128377333
"210",74.4,7.7,10,1.31286713359098
"211",74.3,4.7,10,1.03655014732182
"212",80.1,6.2,10,0.852338823142374
"213",79.6,6.5,10,0.176897301151081
"214",77.7,3.4,10,1.96784073067345
"215",79.9,5.6,10,1.05701807223064
"216",82,5.5,9.4,1.48684449531601
"217",81.3,5.8,9.6,0.862572785596787
"218",74.7,8.3,10,0.473682212329073
"219",74.3,4.1,10,0.473682212329073
"220",77.3,6.1,10,0.371342587784938
"221",79.1,7.3,10,0.596489761782036
"222",72.4,8.2,9.6,0.207599188514322
"223",67.1,12.2,9.8,-0.0175479854827754
"224",67.1,9.1,10,0.801169010870306
"225",68.3,3.6,10,0.299704850604044
"226",66.4,2,8.2,-0.488310258385797
"227",68,4.5,7.5,0.46344824987466
"228",73.9,4.4,10,1.50731242022484
"229",73,8.7,9.5,0.217833150968736
"230",67,7.7,10,0.494150137237901
"231",66.4,3.2,10,0.719297311234998
"232",69.1,3.5,10,0.248535038331976
"233",68.4,5.9,10,-0.232461197025459
"234",66.8,3.2,10,0.0540897516981192
"235",69.3,4.9,10,-0.2631630843887
"236",76.3,6.4,10,1.17982562168361
"237",79.6,7.6,10,1.19005958413802
"238",80.9,7.2,10,1.69152374440428
"239",74.4,7.3,9.1,-0.109653647572497
"240",74.8,5.3,8.6,-0.140355534935738
"241",74.5,4.1,10,0.381576550239352
"242",74.3,4.4,10,0.402044475148179
"243",76.5,8.8,10,0.135961451333427
"244",81.7,9.1,10,1.01608222241299
"246",75.2,10,10,-0.211993272116632
"247",78,6.3,9.2,-0.2631630843887
"248",78.9,4.6,9.2,-0.0175479854827754
"249",73.1,8.9,9.6,-0.559947995566692
"250",77.7,5.3,10,1.04678410977623
"251",72,6.3,9.8,0.453214287420246
"252",62.7,11.6,10,0.709063348780584
"253",62.5,8.9,9.9,-0.0584838353004295
"254",63.7,4.6,10,-0.355268746478421
"255",68,9.5,10,-0.0277819479371889
"256",73.5,9.3,10,0.207599188514322
"257",66.9,8.4,10,-0.488310258385797
"258",61.2,7.2,9.8,0.831870898233547
"259",65.4,3.6,10,0.995614297504163
"260",65.2,5,10,-0.191525347207805
"261",65.8,5.8,9.9,-0.150589497390151
"262",56.7,12.2,9.7,-0.856732906744684
"263",56.1,9.8,10,-0.0175479854827754
"264",64.1,11.3,10,0.0438557892437057
"265",54.9,6,9.7,0.852338823142374
"266",51.6,9.4,9.6,-0.457608371022557
"267",50.8,6.8,10,-0.907902719016751
"268",52.6,7.4,10,-0.478076295931384
"269",63.6,9.1,10,0.0643237141525327
"270",62.6,8.2,9.6,0.187131263605495
"271",56,7.6,10,-0.785095169563789
"272",58.3,10,10,0.688595423871757
"273",60.2,4.2,10,0.555553911964382
"274",58.5,7,10,-0.478076295931384
"275",56.5,4.2,10,1.41520675813512
"276",60.4,7.7,10,-0.08918572266367
"277",61.5,4.9,7.5,0.0438557892437057
"278",63.1,8.6,8.8,-0.365502708932835
"279",48.3,8.2,10,-0.00731402302836189
"280",42.7,8.8,10,-1.11258196810502
"281",44.5,7.4,10,-1.49123857891832
"282",44,9.8,10,-0.150589497390151
"283",53.8,14.6,10,-0.242695159479873
"284",45.2,12.3,9.6,0.473682212329073
"285",49.1,12.2,10,-0.508778183294624
"286",47.4,10,10,0.494150137237901
"287",50.7,9.7,8.7,-0.416672521204903
"288",64.4,13.4,6.3,-0.570181958021105
"289",50.7,10.3,9.9,0.238301075877563
"290",51.6,9.3,9.9,-0.426906483659316
"291",63.4,15.5,9.7,0.412278437602592
"292",51.6,14.6,9.2,-0.181291384753392
"293",46.6,7.5,9.9,0.279236925695217
"294",48,7.5,10,0.473682212329073
"295",49.9,4.8,9.5,0.1154935264246
"296",57.6,5.7,9.5,-0.785095169563789
"297",62.6,5.9,4.5,-0.232461197025459
"298",67.4,8.1,10,1.05701807223064
"299",69.9,15.5,10,-0.662287620110827
"300",44.7,10.8,9.9,0.483916174783487
"301",41.4,8.7,10,-0.559947995566692
"302",42.6,11,10,-0.907902719016751
"303",42.5,12.1,10,-0.84649894429027
"304",42.4,16.7,10,-0.43714044611373
"305",41.3,13.7,10,0.371342587784938
"306",43.2,8.2,10,1.6301199696778
"307",42.1,7.9,10,0.166663338696668
"308",41.7,5.8,10,-1.16375178037709
"309",39.8,5.9,10,-1.89036311464045
"310",39.2,4.7,10,-0.252929121934286
"311",36.6,5.1,8.7,-1.32749517964771
"312",42.2,4.4,4.6,-0.416672521204903
"313",43.6,4.8,6.5,-0.641819695202
"314",41.8,5.5,6.9,0.872806748051201
"315",55.1,6.7,8.2,0.627191649145276
"316",62.7,19.2,9.9,-0.324566859115181
"317",37.9,15.6,9.3,-1.23538951755798
"318",31.5,8.9,9.7,-0.918136681471165
"319",35.4,7.9,10,-0.703223469928481
"320",37.3,6.5,8.7,0.320172775512871
"321",39.3,1.4,9.3,0.25876900078639
"322",40.7,3,8.4,-0.416672521204903
"323",42.1,4.1,7.4,-0.682755545019654
"324",46.3,5.8,9.8,-0.498544220840211
"325",51.4,5.1,7.6,0.0950256015157733
"326",43.7,2.8,2.9,-0.242695159479873
"327",52.4,12.1,6.9,-2.61697444890381
"328",39.3,18.4,9.7,-1.31726121719329
"329",28.3,9.6,10,-0.795329132018203
"330",33.6,9.1,10,-1.05117819337854
"331",32.7,6.9,10,-1.19445366774033
"332",26.3,6.6,10,-1.09211404319619
"333",33.4,7.6,10,-0.590649882929932
"334",38.9,7.5,10,0.0131539018804651
"335",44.7,5.1,10,0.770467123507065
"336",42.8,5.6,6,1.46637657040718
"337",57.7,9.5,8.3,-0.754393282200549
"338",55.2,7.4,3.4,0.176897301151081
"339",56.6,11.8,10,0.0131539018804651
"340",37.2,7.9,10,-0.559947995566692
"341",36.7,8,10,-0.406438558750489
"342",43.4,6.2,8.9,-0.171057422298978
"343",39.7,9.4,8.9,-1.40936687928301
"344",38.6,8.2,7,-1.58334424100804
"345",35,9.8,8.3,-0.641819695202
"346",30.5,8.9,9.9,-0.918136681471165
"347",34.2,8.8,10,-0.0175479854827754
"348",39.1,12.3,10,-1.09211404319619
"349",39,5.7,10,0.402044475148179
"350",42.7,9.7,7.9,-0.590649882929932
"351",46,9.3,9,-1.28655932983005
"352",38.4,4.8,9.7,-0.887434794107924
"353",33.7,6.7,7.2,-0.662287620110827
"354",36.3,5.9,6.5,-0.396204596296076
"355",43,12.5,5.1,-0.897668756562338
"356",29.9,20.7,7.2,-1.3991329168286
"357",22.7,7,10,-1.88012915218604
"358",26.2,5.3,9.2,-1.5526423536448
"359",32.3,8,10,-2.11551028863755
"361",31.4,14.1,9.8,-3.01609898462594
"362",29.7,9.3,10,-2.37135934999788
"363",30.6,4.1,7.4,-0.621351770293173
"364",29.4,7.3,6,-1.12281593055944
"365",22.3,10.7,8.9,-2.13597821354637
"366",32.2,11.5,10,-1.79825745255073
"2100",17.1,6.3,10,-0.973372671740931
"367",25.8,9.3,8.7,-0.685885670993205
"410",22.5,12,10,0.309261639287385
"510",29.1,7.2,8.4,-0.553199362955793
"610",31.6,12.7,8.1,-1.54834667323638
"710",26.5,9.6,9.2,-0.210426400525812
"810",32.3,7.3,8.5,-0.918086710058676
"910",40,14.3,10,0.508291101343503
"1010",34.3,5.9,10,0.121289369567718
"1110",45.9,10.3,5.9,0.740492140408974
"1210",47.6,13.8,10,-0.829629171367068
"1310",27.8,8.5,8.5,-1.42671755753542
"1410",17,8.9,10,-1.02865863342319
"1510",21.7,2.4,10,0.0328318308761099
"1610",25.1,8.5,9.8,-0.0777400924884001
"1710",29.2,9.9,10,0.121289369567718
"1810",27.2,9,10,0.994807564147347
"1910",39.9,14.4,9.6,0.519348293679954
"2010",25.2,15.1,10,-1.65891859660089
"2110",12.4,13.1,10,-1.91323402033927
"2210",5.1,10.7,10,-1.60363263491864
"2310",13.2,9.8,8.9,-0.442627439591283
"2410",13.7,9.6,9.4,0.276090062278032
"2510",21.2,10.5,8.3,-0.155140438843557
"2610",20.9,6.7,9.8,-0.453684631927734
"2710",26.6,10.2,8.5,-1.47094632688123
"2810",41.3,11.7,5,0.762606525081876
"2910",51.8,12.2,5.7,0.751549332745425
"3010",41.1,8.2,4.9,0.198689715922875
"3110",19.1,15.8,7.6,-0.929143902395127
"3210",6.8,14.2,10,0.574634255362209
"3310",16.2,7.9,6.1,-1.10605897977834
"3410",13.7,7.4,8.1,-2.70935186856374
"3510",23,7.7,6.1,-1.2055737108064
"368",20.2,7.7,7.8,-0.542142170619342
"371",26.3,5.8,9.5,-0.133026054170655
"381",33.3,7.1,4.8,-0.940201094731578
"391",28.3,11.9,7.4,-0.243597977535165
"401",27,5.3,9.9,-0.40945586258193
"411",33.9,10.5,8.3,-0.840686363703519
"421",38,22.9,10,-0.862800748376421
"431",27.6,11.6,10,-0.586370939965146
"441",29,4.6,8.6,0.242918485268679
"451",37,10.3,10,-0.973372671740931
"461",30,9.6,9.9,1.0500935258296
"471",19,10,10,-1.62574701959154
"481",16.9,4.3,10,-1.61468982725509
"491",35.9,12.4,9.9,-0.895972325385774
"501",24.3,18.5,7.1,-0.973372671740931
"511",14.6,11.4,9.9,-0.774343209684813
"521",23.1,7,10,-0.774343209684813
"531",27.8,11.8,4.9,-0.829629171367068
"541",26.7,10.2,9.2,-1.55940386557283
"551",25.9,5.5,10,-1.78054771230185
"561",31.2,2.7,10,-0.895972325385774
"571",34.2,14.1,7.6,-1.80266209697476
"581",33.5,10.6,4.4,-0.133026054170655
"591",33.5,11.5,6.6,-0.320998323890322
"601",27.6,11.6,8.5,1.86832575872698
"611",26.4,11.2,9.8,-0.796457594357715
"621",23.2,5.8,10,-1.32720282650736
"631",25.9,5.4,10,-0.265712362208067
"641",32.1,9.6,5.8,-1.55940386557283
"651",30.6,12,7.5,-1.26085967248866
"661",32.6,5.5,10,-0.0777400924884001
"671",31.9,4.6,10,0.464062331997699
"681",34.9,9.4,9.8,0.0107174462032079
"691",42.7,7.2,7.4,-1.59257544258219
"701",42.5,8.3,6.9,-0.155140438843557
"711",32.5,11.9,9.2,0.0438890232125609
"721",27.9,13.4,9.6,-0.144083246507106
"731",28.9,5.3,10,0.0549462155490119
"741",34.6,4.8,8.5,0.441947947324797
"751",33,9.3,6.8,-0.121968861834204
"761",30.3,9.1,10,-0.719057248002558
"771",31.6,9.6,6.9,-0.486856208937087
"781",24.1,18.9,9.8,-0.74117163267546
"791",21.6,14.7,10,-0.542142170619342
"801",21.9,8.8,10,-0.873857940712872
"811",28.3,4.9,10,0.287147254614483
"821",32.4,4.7,10,-0.608485324638048
"831",33.8,13,10,-0.542142170619342
"841",33.8,16.5,9.6,-0.884915133049323
"851",35.2,8.1,9.9,-0.696942863329656
"861",37.2,7,10,-0.696942863329656
"871",38.1,4.9,10,-0.0556257078154981
"881",43.2,2.7,10,0.397719177978993
"891",42.5,6.8,10,0.342433216296738
"901",49.3,11.4,8.8,-0.774343209684813
"911",36.2,11.8,10,1.27123737255862
"921",34,8.4,10,0.0107174462032079
"931",35.1,6.4,10,-0.121968861834204
"941",39.1,6.6,10,1.06115071816605
"951",43.8,9.4,10,0.685206178726719
"961",46.9,14,10,-0.343112708563224
"971",53,12.3,10,-0.453684631927734
"981",50.3,11.6,9.2,0.640977409380915
"991",43.9,8.8,7.5,-0.144083246507106
"1001",39.9,13.2,7.9,0.154460946577071
"1011",41.3,10.9,4.7,-0.276769554544518
"1021",41,9.9,8.1,0.928464410128641
"1031",38.7,13,9.7,0.0438890232125609
"1041",45.4,9.1,10,-0.110911669497753
"1051",60.6,15.6,10,0.0549462155490119
"1061",47.2,5.9,9.8,0.265032869941581
"1071",43.4,9.9,8.2,-1.31614563417091
"1081",52.2,9.2,5.8,-0.442627439591283
"1091",40.9,18.4,9.7,0.0991749848948159
"1101",37.1,10,9.2,-0.376284285572577
"1111",40.5,9,10,-0.719057248002558
"1121",51.5,9.1,10,0.851064063773484
"1131",53.2,8.2,9,-0.818571979030617
"1141",41.3,9.2,9.6,0.762606525081876
"1151",45,12.7,10,0.419833562651895
"1161",49.2,9.2,10,1.37075210358668
"1171",57.2,6.4,10,0.342433216296738
"1181",57.8,5.2,8.8,-0.486856208937087
"1191",60.1,7.7,9.5,0.740492140408974
"1201",69.6,15.4,10,0.25397567760513
"1221",54.4,11.1,10,-0.121968861834204
"1231",43.6,12.5,9.2,0.718377755736072
"1241",55.4,7.1,10,0.828949679100582
"1251",58.1,7.3,10,-0.121968861834204
"1261",59.8,7.8,10,0.441947947324797
"1271",61,4.9,10,0.784720909754778
"1281",65.1,4.5,10,1.40392368059603
"1291",64.1,3.8,10,-0.0113969384696941
"1301",47.4,9.9,8.1,0.873178448446386
"1311",49.7,9.3,9.9,-0.0556257078154981
"1321",46.3,11.1,10,-0.0445685154790471
"1331",48,4.8,10,0.629920217044464
"1341",65.5,9.5,10,0.751549332745425
"1351",76,9.1,10,2.20004152882051
"1361",69.6,3.6,10,1.49238121928764
"1371",60.7,5.9,10,1.66929629667086
"1381",65.8,5.5,9.9,1.19383702620346
"1391",71.6,5.6,9.6,0.132346561904169
"1401",79.5,12.5,10,1.35969491125023
"1411",72.8,11.7,9.6,1.0279791411567
"1421",68.7,6,8.5,0.795778102091229
"1431",53.6,12,8.7,0.0217746385396589
"1441",47.8,9.4,10,1.08326510283895
"1451",49.9,4.1,10,0.0107174462032079
"1461",54.5,5.9,10,-0.663771286320303
"1471",57.4,8,7.2,-0.74117163267546
"1481",64.8,7.8,8.5,0.110232177231267
"1491",71.1,7.2,9.7,0.729434948072523
"1501",76.5,13,10,1.20489421853992
"1511",70.5,10.7,9.5,1.06115071816605
"153",57.5,7.3,8.9,-0.0666829001519491
"1541",53.6,2.9,10,0.840006871437033
"1551",60.2,5.1,10,0.220804100595777
"1561",61.6,7.1,10,0.729434948072523
"1571",57.7,7.9,10,1.34863771891378
"1581",57.9,9.1,10,0.441947947324797
"1591",62.3,4.7,10,0.939521602465092
"1601",66.6,7.7,10,-0.0777400924884001
"1611",70.7,4.3,8.5,0.552519870689307
"1621",70.4,4.8,8.5,0.209746908259326
"1631",75,5.1,10,-0.0887972848248511
"1641",66.9,10.2,9.3,0.862121256109935
"1651",64.1,7.7,10,1.89044014339988
"1661",66.7,5.2,9.8,0.663091794053817
"1671",76.4,9.4,10,1.31546614190443
"1681",77.4,6.5,10,2.03418364377374
"1691",62.7,9.9,7.9,1.01692194882025
"1701",63.5,7,10,0.685206178726719
"1711",71.2,4.5,10,1.44815244994184
"1721",74.8,8.4,10,0.729434948072523
"1731",73.1,7.5,10,0.928464410128641
"1741",75.9,9.5,9.8,0.563577063025758
"1751",76.4,9.2,9.5,-0.144083246507106
"1761",73,7,10,0.828949679100582
"1771",72.9,6.5,9.3,1.27123737255862
"1781",75.7,6.7,8.3,0.408776370315444
"1791",74.7,8.9,10,0.795778102091229
"1801",68,9.5,9.6,0.718377755736072
"1811",67.7,12.4,10,1.06115071816605
"183",64.6,9.5,10,0.464062331997699
"1841",64.1,6.1,8.5,0.453005139661248
"1851",69.1,3.7,8.7,1.19383702620346
"1861",73.9,4,9.6,1.66929629667086
"1871",75.3,4.3,9.9,0.541462678352856
"1881",77.2,5.9,10,0.718377755736072
"1891",78.4,7.8,9.6,0.508291101343503
"1901",79.7,5.2,9.1,0.508291101343503
"1911",81.2,7.8,9.7,0.375604793306091
"1921",72.9,6.5,10,0.519348293679954
"1931",71.8,4.2,10,1.20489421853992
"1941",74.3,6,10,1.20489421853992
"1951",78.3,7.2,10,1.19383702620346
"1961",79.8,4.5,10,1.98995487442794
"1971",81,5.5,10,0.762606525081876
"1981",85.2,6.1,10,1.03903633349315
"1991",85.2,6.5,10,0.906350025455739
"2001",86.4,11.8,10,0.729434948072523
"2011",80,7.9,9.7,0.884235640782837
"2021",76.2,6,10,1.0058647564838
"2031",76.3,5.4,10,1.81303979704472
"2041",74.9,9.3,10,0.961635987137994
"2051",66.3,8.8,10,1.39286648825958
"2061",68.2,3.5,10,0.884235640782837
"2071",69.1,7.7,9.5,1.70246787368021
"2081",62.4,8.4,9.9,0.629920217044464
"2091",59.8,8.7,10,0.231861292932228
"2101",65.3,6,10,0.58569144769866
"2111",66.3,5.2,10,0.58569144769866
"2121",67.6,3.2,7.2,0.0549462155490119
"2131",70,6.9,9.5,2.14475556713825
"2141",72.1,6.6,9.8,1.44815244994184
"2151",73.8,6.6,10,1.49238121928764
"2161",68.6,6.1,10,0.928464410128641
"2171",66.2,6.7,9.7,0.176575331249973
"2181",71.8,5.8,10,0.740492140408974
"2191",78.9,9.1,9.7,1.12749387218476
"2201",71.6,8.7,9.7,0.80683529442768
"2211",71.7,4.3,10,1.64718191199796
"2221",74,6.2,10,2.00101206676439
"2231",71.3,3.2,10,0.640977409380915
"2241",74.2,6.2,9.8,1.60295314265215
"2251",67,8.4,9.7,0.685206178726719
"2261",63.7,5.9,10,0.486176716670601
"2271",64.2,5.1,10,0.950578794801543
"2281",69.3,4.4,10,0.961635987137994
"2291",70.6,5.1,9.9,1.17172264153056
"2301",71.8,4.3,10,0.486176716670601
"2311",72.2,4.3,9.6,1.11643667984831
"2321",77.2,6.8,10,1.37075210358668
"2331",79.4,7.4,10,0.287147254614483
"2341",75.1,7.3,10,0.751549332745425
"2351",72.6,6.3,9.5,0.762606525081876
"2361",72.7,4.4,10,1.13855106452121
"2371",76.9,7.7,10,1.22700860321282
"2381",80.3,8.6,10,1.14960825685766
"2391",84.3,9.3,10,0.519348293679954
"2401",81,9.5,9.9,0.707320563399621
"2411",77,4.5,8.6,0.386661985642542
"2421",80.3,6.7,10,1.0500935258296
"2431",72.9,6.2,9.9,-0.243597977535165
"245",72,7,10,0.994807564147347
"2461",66.2,5.8,10,0.386661985642542
"2471",69.5,6.2,10,0.0107174462032079
"2481",71.5,7.9,10,0.994807564147347
"2491",69.2,4.8,10,0.652034601717366
"2501",76.3,6.9,10,0.91740721779219
"2511",74.8,8.9,10,0.309261639287385
"2521",78.2,8.3,9.6,0.331376023960287
"2531",86.8,10.9,10,0.862121256109935
"2541",82.7,7.7,10,0.375604793306091
"2551",75,7,10,0.220804100595777
"2561",61.8,11,10,0.541462678352856
"2571",59,4.9,10,-0.0998544771613021
"2581",59,4.4,8.8,-0.0335113231425961
"2591",58.9,10.1,10,-0.685885670993205
"2601",58.8,6.2,10,-0.000339746133243097
"2611",67.7,7.2,10,0.176575331249973
"2621",72.6,8.8,7.4,0.165518138913522
"2631",72.6,9.8,10,1.19383702620346
"2641",60.5,9.8,10,0.729434948072523
"2651",56.9,6.5,10,-0.895972325385774
"2661",57.6,5.5,10,0.121289369567718
"2671",60.1,7,10,0.91740721779219
"2681",61.5,5.2,10,0.530405486016405
"2691",63.1,4,9,0.198689715922875
"2701",65.9,5.1,10,1.40392368059603
"2711",68,10.2,10,0.939521602465092
"2721",65.3,9.4,9.1,-0.884915133049323
"2731",59.6,3.4,10,-0.0556257078154981
"2751",70.1,6.7,9.2,0.342433216296738
"2761",67.6,5.7,7.4,0.231861292932228
"2771",69.5,6.3,10,0.397719177978993
"2781",69.3,5.3,6.7,0.154460946577071
"2791",59.7,8.1,10,-1.05077301809609
"2801",52.8,8.8,10,-0.674828478656754
"2811",58.5,4,10,-0.40945586258193
"2821",59.9,5.1,10,0.47511952433415
"2831",60.6,2.9,9.7,0.198689715922875
"2841",63.6,6.2,10,0.36454760096964
"2851",62.4,7.3,9.4,-0.18831201585291
"2861",55,5.8,10,-0.652714093983852
"2871",53.6,6.5,10,-0.608485324638048
"2881",57.2,8.4,8.7,-0.608485324638048
"2891",52,9.6,9.8,-0.398398670245479
"2901",50.1,7.1,8.5,-0.674828478656754
"2911",44.6,7.2,9.9,-0.0113969384696941
"2921",47.1,8.1,10,-0.663771286320303
"2931",47.2,4.7,10,-0.332055516226773
"2941",49.8,10.3,10,-0.652714093983852
"2951",35.9,5.8,10,-0.973372671740931
"2961",38,8.2,10,-0.96231547940448
"2971",39,9.3,10,-0.796457594357715
"2981",38.5,8.2,10,0.0549462155490119
"2991",47.4,14.8,10,-1.02865863342319
"3001",42.2,6.1,10,-0.973372671740931
"3011",44.7,7,10,0.0217746385396589
"3021",47.4,7.2,10,0.14340375424062
"3031",52.1,5.1,6.2,-0.0777400924884001
"3041",61.3,8,7.1,0.91740721779219
"3051",47.3,13,10,1.95678329741858
"3061",43.7,6.5,8.4,-0.685885670993205
"3071",42.4,4.7,10,-0.442627439591283
"3081",47.9,12.4,10,-0.0777400924884001
"3091",52.7,8,9.8,-0.110911669497753
"3101",52,14.8,8,-0.586370939965146
"3111",37.5,8,10,-0.730114440339009
"3121",37,6.2,9.7,0.287147254614483
"3131",49.3,15.7,10,-0.719057248002558
"3141",43.1,11,10,-0.929143902395127
"3151",41.9,8.9,8.6,-1.69209017361025
"3161",27.3,11.4,10,-1.65891859660089
"3171",27.8,9.6,10,-0.133026054170655
"3181",38.4,14,10,-0.796457594357715
"3191",43.5,10.3,10,1.06115071816605
"3201",47.1,11.1,7.3,-0.829629171367068
"3211",60.1,18.8,8.9,-1.08394459510544
"3221",41.1,17,10,0.220804100595777
"3231",33.1,4.9,10,0.132346561904169
"3241",35.7,9,10,0.353490408633189
"3251",44.3,4.9,9,0.287147254614483
"3261",40,8.2,7.6,0.154460946577071
"3271",25.3,10.5,10,-1.83583367398411
"3281",17.9,8.8,10,-2.18966382875054
"3291",25.9,11.9,8.8,-1.7473761352925
"3301",31.1,7.5,10,-0.0777400924884001
"3311",20.8,13.3,9.9,-1.1613449414606
"3321",26.5,7.3,10,-2.99683886931146
"3331",25.3,4,10,-0.343112708563224
"3341",36,7.9,10,-1.01760144108673
"3351",37.1,5.4,9.4,0.430890754988346
"3361",36.5,4.4,7.5,-0.531084978282891
"3371",40.9,7.7,4,0.198689715922875
"3381",49.9,8,3,0.320318831623836
"3391",35.1,13.9,9.8,-0.818571979030617
"3401",20,8.8,10,-1.24980248015221
"3411",14,7.1,10,-2.09014909772248
"3421",19,7,7.9,-2.52137959884407
"3431",21.6,11.7,6.6,-2.30023575211505
"3441",8.8,12.1,9.4,-2.2449497904328
"3451",16,8.5,7.6,-2.07909190538603
"3461",6.2,9.9,10,-1.95746278968507
"3471",21.3,4.8,10,-0.431570247254832
"3481",30.2,8.9,4.3,-2.04592032837668
"3491",18.8,11.3,9.8,-2.30023575211505
"3501",13,5.1,9.4,-1.44883194220832
"3511",22.4,10.2,7,-0.907029517722225
"3521",24.7,10.3,10,-0.829629171367068
"3531",35.2,8.2,9.3,-0.442627439591283
"3541",34.8,8,4,0.231861292932228
"3551",32.4,5.7,2.7,-0.597428132301597
"3561",32.6,11.1,7,-0.929143902395127
"3571",19.6,10.4,8.6,-1.7473761352925
"3581",3.6,9.3,9.3,-3.27326867772274
"360",23.2,9.2,7.8,-2.58772275286278
"3611",32.7,6,8.8,-1.1392305567877
"3621",40.2,11.3,10,-1.07288740276899
"3631",35.4,12,9.2,-1.32720282650736
"3641",9.6,8.5,10,-2.18966382875054
"3651",7.8,7.5,7.2,-3.06318202333017
"369",4.3,9.8,9.8,-2.21267584296628
"412",23.7,17.7,7.6,-2.04126978048904
"812",2.7,3.3,9.7,-1.7898742221891
"912",7.9,4.4,8.4,-1.61846815971186
"1012",30.1,7.9,2.5,-1.37849967224374
"1112",37,11.5,7.2,-1.16138532643924
"1211",32.9,12.5,9.7,-0.784291988989321
"1312",41.3,12.1,10,0.0613112525650389
"1412",29.9,11.3,8.6,-0.772864918157505
"1512",19.8,12.8,9.1,-0.121521880744012
"1612",25.1,13.5,8.4,-0.772864918157505
"1712",17.8,11.4,9.1,-0.110094809912196
"1812",15.1,7.9,6.8,-1.0585416889529
"1912",18.7,10.4,8,-1.22994775143013
"2012",32.8,8.8,9.9,-0.692875422334795
"2112",10.4,14.9,6.6,-1.89271785967544
"2212",6.1,8,8,-1.49277038056189
"2312",3.4,14,9.9,-1.49277038056189
"2412",5.3,15.3,9.9,-0.772864918157505
"2512",23,17.7,8,-0.887135626475662
"2612",14.7,11.6,8.5,-1.83558250551636
"2712",4.8,15.8,8.3,-2.39550897627533
"2812",-5.2,11,10,-1.83558250551636
"2912",7.8,10.1,10,-0.315782084884878
"3012",23.9,16.5,9.1,-0.0415323849213021
"3112",24,7.7,10,-0.132948951575827
"3212",25.2,5.3,3.7,0.381269235855878
"3312",18.6,7.5,9.4,-1.99556149716178
"3412",7.9,3.2,10,-0.898562697307477
"3512",15.1,4,9.7,-1.26422896392558
"3610",23.3,12.4,2.7,-2.23552998462991
"372",6.7,9.3,9.7,-1.65274937220731
"382",2.3,10,10,-0.715729563998427
"392",10.3,5.3,7.6,-1.73273886803002
"402",14.1,6.9,8.9,-1.22994775143013
"413",5.5,8,10,-1.54990573472097
"422",3.5,5.5,10,-1.82415543468455
"432",7.7,5.9,9.8,-1.70988472636639
"442",22,7.6,9.5,-1.28708310558921
"452",19.6,10.1,9.7,-0.68144835150298
"462",14.7,6.6,10,-1.33279138891647
"472",20.4,8.9,8.3,-1.94985321383452
"482",23.8,11.6,6.5,-1.80130129302092
"492",31,10.9,7.4,-1.40135381390737
"502",38.1,8.6,10,-0.52146935985756
"512",35.6,7.2,5.4,-1.22994775143013
"522",33.9,22.7,8.1,-0.430052793203035
"532",27.7,10.9,10,-1.24137482226195
"542",22.7,10,10,-1.424207955571
"552",18.3,11.4,10,-1.37849967224374
"562",18.5,10.2,10,-1.2070936097665
"572",7.6,12.7,10,-1.06996875978471
"582",11,13.4,9.8,-1.62989523054368
"592",11.7,8,10,-0.624312997343901
"602",24.6,6.5,8.4,-0.201511376566721
"612",10.5,10,5.8,-2.33837362211625
"622",6.7,6.4,8.9,-1.85843664717999
"632",16.1,4.8,9.9,-1.46991623889826
"642",21.4,9.2,6.7,-1.3556455305801
"652",22.1,6.6,10,-1.08139583061653
"662",28.6,6.7,8.8,0.0156029692377762
"672",32.9,10.4,8.2,-0.818573201484768
"682",27.1,6.7,9.1,-1.53847866388915
"692",44.4,12.8,10,0.678373077483085
"702",43.7,5.9,10,-0.658594209839348
"712",30.8,15.4,7.6,-1.09282290144834
"722",21.5,7.5,10,-0.441479864034851
"732",42.6,15.6,10,0.815497927464873
"742",36.8,8.7,10,1.00975813160574
"752",24.2,16.3,9.5,-1.34421845974829
"762",26.2,7.9,10,-0.578604714016638
"772",37.2,9.1,9.8,0.712654289978532
"782",43.5,10,7.9,0.0727383233968546
"792",36.9,8.5,9.1,0.312706810864984
"802",41.1,7.9,8.6,0.529821156669481
"813",41.7,12.4,10,-0.212938447398537
"822",27.2,10.1,10,-1.22994775143013
"832",25.6,5.9,10,-0.670021280671164
"842",27.4,11,9.3,-0.624312997343901
"852",25.7,7,10,-0.361490368212141
"862",38.7,14.5,8.7,-0.418625722371219
"872",43.6,13.3,9,0.346988023360431
"882",35.6,10,10,0.175581960883196
"892",37.9,4.1,10,-0.212938447398537
"902",52.1,12.2,10,-0.224365518230353
"913",46.3,18.9,10,1.92392379815099
"922",41.3,8,10,-0.350063297380325
"932",38.1,12.4,8.6,-0.452906934866666
"942",39.9,13.1,4.5,0.632664794155822
"952",40,7.7,10,-0.0415323849213021
"962",42,6.3,10,-0.532896430689376
"972",45.5,5.8,10,0.0727383233968546
"982",50.2,6.5,9.7,-0.0872406682485648
"992",48.6,4.6,10,0.232717315042274
"1002",58.2,14.1,10,0.632664794155822
"1013",54.8,5.5,10,0.346988023360431
"1022",62.7,10.3,10,1.32971611489658
"1032",62.3,12.4,9.2,-0.86428148481203
"1042",46,13.7,7.3,-0.761437847325689
"1052",31.4,9.7,8.5,-0.0758135974167491
"1062",37.5,10.8,10,0.187009031715011
"1072",49.7,13.6,10,0.918341564951214
"1082",48.3,7,10,0.358415094192246
"1092",46.2,8.1,10,0.00417589840596055
"1102",59.6,8.6,10,-0.750010776493874
"1113",66.6,8.3,10,-0.292927943221247
"1122",54.3,10.5,9.6,-0.224365518230353
"1132",42.4,7.4,10,-0.201511376566721
"1142",49,12.3,10,0.152727819219564
"1152",55.8,12,9.7,1.055466414933
"1162",51.9,10.1,10,0.255571456705905
"1172",47.4,14.7,10,-0.955698051466556
"1182",50.3,13.3,9.1,-0.361490368212141
"1192",51.6,9.2,5.9,0.369842165024062
"1202",50.4,8.2,9.5,0.484112873342219
"1212",45.2,11.2,9.4,1.4211326815511
"1222",48.2,9.8,10,1.24972661907387
"1232",54.9,13.2,10,-0.121521880744012
"1242",55.4,9,10,-0.395771580707588
"1252",48.5,10.9,10,1.02118520243755
"1262",50.4,11.2,10,0.792643785801242
"1272",58.9,9.8,10,0.152727819219564
"1282",68.7,9.1,9.9,0.129873677555933
"1292",71.2,15.3,9,1.22687247741024
"1302",61.6,7.6,10,0.701227219146716
"1313",67.2,6.8,10,-0.132948951575827
"1322",72,10.1,10,0.655518935819454
"1332",65,10.4,8.8,0.655518935819454
"1342",53.3,9.3,10,0.369842165024062
"1352",47.2,13.3,7.8,-0.0301053140894865
"1362",41.4,8.1,10,0.975476919110292
"1372",47.8,6.6,9.5,0.541248227501297
"1382",56.4,8.9,10,1.18116419408297
"1392",59.1,10.2,10,0.358415094192246
"1402",70.8,11.4,10,0.0955924650604859
"1413",74.9,6.7,7.7,0.895487423287583
"1422",66.8,6.9,10,0.381269235855878
"1432",59.3,5.4,10,0.58695651082856
"1442",59.6,4.6,10,0.0384571109014076
"1452",66.2,3.8,10,0.781216714969426
"1462",73.7,6.8,10,0.255571456705905
"1472",74.9,8.1,10,0.0955924650604859
"1482",63.6,7.8,8.7,0.518394085837666
"1492",62.6,8.3,10,0.232717315042274
"1502",65.4,6.5,10,0.826924998296689
"1513",71,6.7,9.9,1.055466414933
"1531",76.1,14,9.7,1.37542439822384
"1542",75.1,10.1,10,1.6382470273556
"1552",66.2,7.6,9,0.232717315042274
"1562",63.3,6.2,9.7,0.541248227501297
"1572",67.5,3,10,1.18116419408297
"1582",71.1,5.7,10,1.29543490240113
"1592",65.1,12.7,9.3,0.198436102546827
"1602",64.7,7.7,10,0.76978964413761
"1613",60.4,7.4,9.4,-0.94427098063474
"1622",60,8.5,6.9,0.221290244210458
"1632",67.9,7.6,7.7,0.758362573305795
"1642",65.7,9.9,10,2.06104864813278
"1652",65.9,6,10,0.998331060773924
"1662",71.6,13.7,10,1.45541389404655
"1672",78.4,7,10,1.32971611489658
"1682",81.9,12.7,10,1.52397631903744
"1692",78.3,8.8,9.8,0.175581960883196
"1702",66,7.6,6.4,0.781216714969426
"1713",73.8,7.6,8.5,1.50112217737381
"1722",68.5,6.9,4.9,1.24972661907387
"1732",70.1,3.8,7.2,1.2725807607375
"1742",71.1,5,9,0.84977913996032
"1752",76.6,4.4,9.5,1.21544540657842
"1762",68.9,4.9,7.1,1.13545591075571
"1772",64.4,5.9,7.2,0.804070856633057
"1782",70.7,7.9,6.9,1.6382470273556
"1792",79.1,9.7,10,1.11260176909208
"1802",77.4,11,9.8,1.71823652317831
"1813",78.9,10.7,9.7,0.518394085837666
"1831",67.2,9.7,9.5,0.724081360810348
"1842",62.8,5.9,8.5,1.489695106542
"1852",68.3,5.9,10,0.941195706614845
"1862",69.2,7,8.7,1.62681995652379
"1872",73,8.8,10,1.34114318572839
"1882",79.7,9.6,9.9,1.6382470273556
"1892",76.5,9.9,9.7,0.712654289978532
"1902",72,8.5,10,1.1240288399239
"1913",69.9,3.6,10,0.746935502473979
"1922",70.3,5,10,2.14103814395549
"1932",73.9,8.1,9.3,0.621237723324007
"1942",75.8,8.1,9.6,1.06689348576482
"1952",71.6,6.6,10,0.666946006651269
"1962",63.5,10.7,10,0.701227219146716
"1972",63.2,6.6,10,1.02118520243755
"1982",66,4.3,10,0.598383581660375
"1992",69.6,5.9,10,1.35257025656021
"2002",70.4,4.5,9.6,1.28400783156932
"2013",72.1,4,9.8,1.00975813160574
"2022",74.9,5.3,10,0.621237723324007
"2032",79.1,9.2,9.9,0.895487423287583
"2042",72.9,14.8,10,1.20401833574661
"2052",65.4,8.3,10,1.11260176909208
"2062",65.8,7.2,10,1.93535086898281
"2072",74,5.5,10,1.36399732739203
"2082",77.9,10.7,9,1.53540338986926
"2092",66.7,12.6,10,1.34114318572839
"2102",68.5,7.3,10,0.564102369164928
"2113",68.7,6.8,10,0.438404590014956
"2122",71.1,7,9.8,1.20401833574661
"2142",71.8,4.7,10,1.61539288569197
"2152",75.4,5.3,10,1.03261227326937
"2162",74.7,6.3,10,0.301279740033168
"2172",71.4,5.3,7.9,0.792643785801242
"2182",70.7,6.3,10,0.609810652492191
"2192",71.9,6.7,10,0.998331060773924
"2202",73.6,9.8,10,0.724081360810348
"2213",73.5,7.8,10,1.50112217737381
"2222",73.7,7.6,10,1.13545591075571
"2232",72.4,5.9,9,1.35257025656021
"2242",67,11.1,9.9,0.0498841817332232
"2252",68.5,8,10,1.15831005241934
"2262",67,7.2,10,0.461258731678587
"2272",65.1,5,10,1.22687247741024
"2282",71.3,6.9,10,1.13545591075571
"2292",69.7,6.9,8.4,1.21544540657842
"2302",69.9,5,8.4,0.689800148314901
"2313",77,8.9,9.7,0.232717315042274
"2322",75.8,7.1,9.9,0.895487423287583
"2332",74.9,4.8,9.4,0.255571456705905
"2342",77.6,4.8,9,0.689800148314901
"2352",77.1,4.4,7,0.758362573305795
"2362",76.3,5.2,9.8,1.14688298158753
"2372",79.3,6.6,9.6,0.24414438587409
"2382",76.2,4.8,10,0.552675298333113
"2392",73.9,5.6,10,0.301279740033168
"2402",70.7,7.5,10,-0.201511376566721
"2413",75.8,8.3,10,1.47826803571018
"2422",77.2,11.8,10,1.2725807607375
"2432",76.2,5.1,9.1,0.84977913996032
"2451",74.4,6,10,0.495539944174034
"2462",72.8,4.4,10,-0.372917439043957
"2472",75.8,10.4,9.9,-0.0758135974167491
"2482",79.6,10.3,10,1.00975813160574
"2492",66.7,7.7,9.9,0.666946006651269
"2502",67.2,3.8,10,0.781216714969426
"2513",67.2,5.1,10,-0.784291988989321
"2522",70.3,5.6,10,0.369842165024062
"2532",72.4,11.8,7.8,-0.567177643184823
"2542",54.2,11,10,-0.0872406682485648
"2552",51.4,9.8,8.6,-0.418625722371219
"2562",47.4,8.8,9.5,-0.807146130652952
"2572",52.5,5.1,10,0.0498841817332232
"2582",56.4,2.8,9.8,-0.201511376566721
"2592",55.7,5.1,10,-0.0758135974167491
"2602",59.3,2.7,10,0.461258731678587
"2613",61.2,4.4,9.1,1.28400783156932
"2622",62.9,8.4,9.7,1.38685146905566
"2632",68.5,10.1,10,1.03261227326937
"2642",64.7,11.5,9.7,0.404123377519509
"2652",55.1,4.7,10,0.152727819219564
"2662",59.8,3.9,10,0.906914494119398
"2672",64.7,4.8,10,0.918341564951214
"2682",65.4,2.1,9.7,-0.0529594557531178
"2692",65,3.8,8.8,1.40970561071929
"2702",65.6,3.4,9.6,1.55825753153289
"2713",64.9,3.1,7.7,0.92976863578303
"2722",66.2,4.4,8.9,0.50696701500585
"2732",53.3,11,8.6,0.289852669201352
"2752",66.9,7.5,9.8,0.564102369164928
"2762",59.6,12.4,9.4,0.266998527537721
"2772",42.5,13.6,9.7,-0.372917439043957
"2782",44.9,8.6,10,-0.452906934866666
"2792",51.6,7.3,10,-0.384344509875772
"2802",54.8,9.9,10,0.0384571109014076
"2813",54.5,10.1,10,-0.0986677390803805
"2822",54.4,5.9,10,-0.795719059821136
"2832",49.8,7.1,10,-0.167230164071274
"2842",47.3,4.2,10,0.518394085837666
"2852",49.4,6.4,10,-0.738583705662058
"2862",59.3,6.2,5.7,-0.578604714016638
"2872",62.9,9.8,8.3,-0.292927943221247
"2882",52.7,9.2,7.4,0.198436102546827
"2892",52.7,7.2,7.1,-0.110094809912196
"2902",54,9.6,10,1.28400783156932
"2913",48.6,10.6,10,0.941195706614845
"2922",42.6,5.8,10,-0.132948951575827
"2932",54,8.5,10,0.0270300400695919
"2942",50.3,10,10,0.24414438587409
"2952",48.2,5.2,10,-0.327209155716694
"2962",45.6,5.8,9.2,0.24414438587409
"2972",56.9,5,9.9,1.40970561071929
"2982",62.1,8.9,9,0.529821156669481
"2992",53.7,5.3,10,-0.0529594557531178
"3002",60.2,9.6,9.9,0.644091864987638
"3013",60.9,14,10,0.175581960883196
"3022",46.6,10.6,10,0.472685802510403
"3032",42,4.2,10,0.266998527537721
"3042",41.5,16.5,9.6,0.781216714969426
"3052",37.5,12.1,9.9,1.75251773567376
"3062",36.4,5.1,9.4,-0.327209155716694
"3072",50.5,12.3,10,0.209863173378643
"3082",55,15,9.8,0.232717315042274
"3092",46.9,7.9,10,-0.132948951575827
"3102",47,14.2,10,-0.989979263962003
"3113",37.8,8.2,10,0.289852669201352
"3122",42.8,10.7,10,-0.110094809912196
"3132",41.2,9.5,10,-0.807146130652952
"3142",49,7.9,10,0.232717315042274
"3152",48.9,12.9,8.9,-0.921416838971109
"3162",29.4,12.8,10,-1.83558250551636
"3172",26,11,9.7,-1.06996875978471
"3182",25.7,8.7,9.8,-0.0186782432576708
"3192",24.5,4.9,9.7,-0.0758135974167491
"3202",25.9,4.9,5.3,-0.921416838971109
"3213",18,12.5,8.6,-1.50419745139371
"3222",13,16.1,9.2,-1.50419745139371
"3232",22.1,12.6,9.6,-1.40135381390737
"3242",22.1,13.7,9.9,-1.40135381390737
"3252",19.6,7,10,-0.2586467307258
"3262",37.1,10.9,6.7,-0.315782084884878
"3272",50.4,11.7,8.7,-0.772864918157505
"3282",42.4,10.7,3.7,-1.86986371801181
"3292",23.8,12.6,9.4,-1.06996875978471
"3302",22.2,4.2,8.2,-0.898562697307477
"3322",21.9,7.3,9.8,-1.70988472636639
"3332",37.2,10.2,9.2,-0.567177643184823
"3342",45.6,10.4,6.4,-0.384344509875772
"3352",22.4,11.2,9.5,0.666946006651269
"3362",24.7,8.3,10,-1.2070936097665
"3372",30.1,10,9.1,-0.0643865265849335
"3382",28.3,6.3,10,-0.738583705662058
"3392",34.7,5,6.3,0.529821156669481
"3402",35.1,9.8,6.1,-1.08139583061653
"3413",31.2,7.3,10,-1.83558250551636
"3422",33.5,8.1,6.4,-0.532896430689376
"3432",35.4,10.9,8.2,-1.18423946810287
"3442",31.2,10.4,10,-0.33863622654851
"3452",28,8.8,8.2,-1.34421845974829
"3462",28.5,7.9,6.6,-0.327209155716694
"3472",38.5,6.9,5.4,0.141300748387749
"3482",47,6.2,4.7,-0.475761076530298
"3492",45.6,9.7,2.9,-0.304355014053062
"3502",41.9,8.8,4.4,-1.08139583061653
"3513",27.8,11.6,10,-0.224365518230353
"3522",24,5.8,10,-1.01283340562563
"3532",28.7,4.8,9.9,0.141300748387749
"3542",30.2,3,9.1,-0.190084305734906
"3552",33,7.6,8.7,-1.2070936097665
"3562",33.5,8.6,6.7,-1.24137482226195
"3572",43.7,11.4,6.9,-0.932843909802924
"3582",39,4.9,9.8,-2.14411341797539
"3601",41,11.1,10,-1.48134330973008
"3612",43.6,11.4,9.2,-0.441479864034851
"3622",29.3,8.5,10,-1.41278088473918
"3632",26.8,6.9,10,-0.887135626475662
"3642",17.1,8.7,10,-2.10983220547994
"3652",10.5,10.5,10,-1.94985321383452
"2103",25.7,5.1,10,-0.637992651487327
"370",31.5,4.6,5.2,-0.976069819810116
"414",29,10.3,3.2,-2.71846753347372
"513",2.2,12.4,10,-2.60144082136198
"613",5.3,9,7.4,-2.86150018161028
"914",8.1,15.5,6.7,-1.73024196453018
"1014",4.8,10.5,10,-0.989072787822531
"1114",25.8,9.4,9.6,-0.950063883785286
"1213",23.1,9.1,6.7,-1.50919150831913
"1314",16.9,8.9,8.5,-1.44417666825705
"1414",10.5,4.4,9.3,-0.624989683474912
"1514",22,8.5,9.9,0.519271501617602
"1614",28.3,6.7,9.8,-0.169885803040389
"1714",34.2,12.3,9.4,0.233206205344474
"1814",36.8,11.6,10,-0.325921419189369
"1914",31.8,4.3,10,-0.182888771052804
"2014",33.6,5.7,7.5,0.909360541990051
"2114",30.9,7.4,8.7,0.298221045406548
"2214",29.9,5.6,9.9,0.376238853481038
"2314",29.6,9.9,9.8,1.00038131807696
"2414",32.7,8.2,9.9,0.428250725530698
"2514",31.1,10.9,6.5,-1.00207575583495
"2614",23.2,6.6,9.2,-0.872046075710796
"2714",27.4,5.6,7,-0.624989683474912
"2814",25.8,6.3,10,-0.989072787822531
"2914",33.3,12.4,9.3,-0.234900643102464
"3014",27,9,9.9,-0.11787393099073
"3114",27,5.9,10,-1.1321054359591
"3214",29.1,11,1.7,-2.08132210086539
"3414",13.5,6.6,9.3,-2.74447346949855
"3514",21.1,6.8,6.2,-1.89928054869158
"3613",7.4,7.2,10,-1.96429538875365
"373",17.5,8.7,10,-0.338924387201784
"383",29.1,6.8,9.1,-0.572977811425253
"393",36,6.6,5.8,-1.40516776421981
"403",25.6,12.2,7.8,-1.50919150831913
"415",24.8,6.4,10,-1.223126212046
"423",30.6,10.7,9.2,-1.52219447633154
"433",15.9,14.2,9.7,-1.45717963626947
"443",11,7.9,10,-1.18411730800875
"453",18.6,15.2,8.7,-1.63922118844328
"463",4.5,10.3,8.3,-2.22435474900195
"473",11.8,4.1,9.7,-2.39339333316334
"483",16.5,9.2,9,-1.63922118844328
"493",7.3,13.3,9.7,-2.75747643751096
"514",3.3,9.3,9.1,-0.924057947760456
"523",21.7,6.1,8.8,-0.924057947760456
"533",21.4,8.9,9.1,-1.69123306049294
"543",4.2,9.4,10,-1.96429538875365
"553",11.3,13,9.7,-1.23612918005841
"563",21.1,7.7,9.4,-1.96429538875365
"573",16.8,10.6,3.4,-2.66645566142406
"583",6,8.3,10,-1.10609949993427
"593",6,4.2,9.9,-2.31537552508885
"603",18.3,4.9,5.6,0.467259629567943
"614",21.3,7.1,10,-0.846040139685966
"623",28.2,10.9,6.2,-1.1321054359591
"633",24.1,11.4,10,-2.0943250688778
"643",11.6,9.4,10,-1.44417666825705
"653",12.4,10.1,10,-0.14387986701556
"663",31.7,9.9,9.3,-0.338924387201784
"673",34.9,7,10,-1.27513808409566
"683",36.8,4.6,9.9,0.0381616851582496
"693",40.5,5.9,4,0.402244789505868
"703",42.1,6.7,6.3,0.298221045406548
"713",41.8,5.5,10,0.376238853481038
"723",47,5.8,10,1.18242287025076
"733",51,10.3,9.7,0.974375382052125
"743",45.2,7.1,10,0.727318989816242
"753",58,10.9,10,0.727318989816242
"763",44.6,15.3,10,-0.403939227263858
"773",36.8,4.1,10,-0.429945163288688
"783",41.7,6.5,10,-0.0788650269534848
"793",42.5,6.6,9.7,0.701313053791412
"803",42.5,9.9,7.9,-0.442948131301103
"814",32.4,8.6,9.6,-0.872046075710796
"823",29.1,10,5,-1.70423602850535
"833",29.7,8.5,9.9,-1.09309653192185
"843",36.6,11,6.5,0.0121557491334198
"853",36.7,9,10,-0.507962971363178
"863",29,11.6,8.8,0.0251587171458347
"873",26.8,5.9,10,-0.859043107698381
"883",31.6,12.8,9.5,-1.35315589217015
"893",46,9.4,10,-0.0528590909286549
"903",48.7,8.5,9.5,-0.390936259251443
"923",58.5,13,9,0.922363510002466
"933",50.1,8.7,10,-0.169885803040389
"943",39.7,10.1,10,-0.377933291239028
"953",53.5,8.5,10,-0.650995619499742
"963",45.5,5.1,10,-0.611986715462497
"973",40.4,11.3,7.2,-1.56120338036879
"983",44.5,8.2,3.2,-0.572977811425253
"993",50.5,8.9,3.9,-0.976069819810116
"1003",52.6,18.5,10,-0.11787393099073
"1015",47.7,7.2,10,-0.03985612291624
"1023",54.7,8.7,10,0.649301181741752
"1033",60.1,11.5,9.2,0.155188397269984
"1043",55.8,4.8,10,0.571283373667262
"1053",54,8.3,10,1.02638725410179
"1063",52.9,7.2,9.2,-0.455951099313518
"1073",60.2,4.7,9.3,0.805336797890731
"1083",59.6,7.5,9.9,0.597289309692092
"1093",55.6,8.3,9.6,-0.260906579127294
"1103",48.6,12.3,7.1,0.259212141369304
"1115",44.3,16.8,10,-0.781025299623892
"1123",39.7,13.6,10,-0.533968907388008
"1133",42.3,8.3,10,0.103176525220324
"1143",44.2,4.2,10,0.493265565592773
"1153",43.5,11.3,8.6,-0.364930323226614
"1163",44.8,9.9,10,-0.0658620589410699
"1173",46.3,9.8,10,-0.0268531549038251
"1183",46.3,4.5,10,-0.0528590909286549
"1193",49.7,5.7,10,0.558280405654847
"1203",45.6,10.2,10,-0.742016395586647
"1223",62.1,5.3,10,-0.468954067325933
"1233",67.4,7.4,10,0.285218077394134
"1243",65.1,8.6,9.6,0.727318989816242
"1253",52.1,7.7,6,-0.338924387201784
"1263",55.6,5.8,2.9,0.207200269319644
"1273",66.9,8.6,8.7,1.33845848639974
"1283",71.1,8.2,9.5,1.09140209416386
"1293",59.5,6.6,5.6,-0.494960003350763
"1303",48.5,8.7,5.6,0.233206205344474
"1315",56.4,8.8,6.8,0.337229949443793
"1323",52,16.6,10,0.441253693543113
"1333",47.6,8.7,10,0.584286341679677
"1343",52.2,8.9,10,0.415247757518283
"1353",63.2,8.7,9,1.28644661435008
"1363",69,4.7,9.4,2.06662469509498
"1373",72.3,12.6,8.8,1.46848816652389
"1383",72.1,13.3,10,0.454256661555528
"1393",50.4,11.4,10,-0.195891739065219
"1403",43.5,7.2,9.9,0.0901735572079094
"1415",51.8,8.2,10,0.285218077394134
"1423",58.8,7.5,10,1.31245255037491
"1433",61.8,6.5,10,0.974375382052125
"1443",66.1,5.9,9.6,-0.468954067325933
"1453",70.4,12.7,9.1,-0.195891739065219
"1463",70.6,10.3,9.4,0.610292277704507
"1473",68.4,11,9.8,0.194197301307229
"1483",69.5,4.8,10,1.00038131807696
"1493",72.1,8.9,9.6,1.36446442242457
"1503",64.4,8.9,8.6,-0.0528590909286549
"1515",47.5,17,8.4,-0.742016395586647
"1532",55.5,4.5,10,0.636298213729337
"1543",62.3,5.9,9.9,0.727318989816242
"1553",68.2,7.5,10,-0.0268531549038251
"1563",65.3,9.8,9.3,0.818339765903146
"1573",60.1,9.9,10,0.454256661555528
"1583",65.7,9,8.9,0.220203237332059
"1593",73.1,10.5,9.6,-0.533968907388008
"1603",69.7,7.3,9.7,0.116179493232739
"1615",80.2,10.7,10,0.909360541990051
"1623",68.9,6.6,9.6,1.05239319012662
"1633",61.5,7,4.4,1.36446442242457
"1643",66.1,6.2,6.3,1.16941990223835
"1653",73.3,6.8,8.2,0.961372414039711
"1663",74.8,5,8.2,0.220203237332059
"1673",68.6,7.9,8.7,1.61152081466046
"1683",61.3,4.8,8.7,-0.000847218878995183
"1693",71.6,7.1,7.2,0.584286341679677
"1703",60.8,10.2,10,0.662304149754167
"1715",62.8,6,10,0.558280405654847
"1723",73.5,7.6,9.7,0.779330861865901
"1733",75.2,7.8,9.6,0.740321957828657
"1743",75.3,9.5,10,0.116179493232739
"1753",70.2,4.5,10,0.0641676211830795
"1763",70.7,6.3,8.9,0.792333829878316
"1773",63.1,7.7,6.7,0.792333829878316
"1783",64,9,9.6,-0.000847218878995183
"1793",67.5,3.2,9.9,0.961372414039711
"1803",68.1,3.6,8.2,0.376238853481038
"1815",68.1,6.2,8.4,0.337229949443793
"1821",60.7,6.6,10,2.1706484391943
"1832",59.3,8.6,9.7,0.441253693543113
"1843",64.2,4.4,10,0.584286341679677
"1853",69.7,3.5,9.5,1.58551487863563
"1863",72.4,4,6.4,2.27467218329362
"1873",74.2,7.3,7.8,0.441253693543113
"1883",67.3,13,8.5,-0.286912515152124
"1893",59.7,6.8,10,-0.0658620589410699
"1903",63.6,6.7,5.8,-0.663998587512157
"1915",69,3.5,8.8,0.207200269319644
"1923",70.4,4,9.8,0.974375382052125
"1933",73.6,4.5,7.9,1.01338428608937
"1943",75.7,8.7,9.9,0.766327893853486
"1953",76.2,10,10,-0.156882835027974
"1963",65.8,9,10,0.948369446027296
"1973",66,6,9.7,-0.650995619499742
"1983",77.3,7.9,7.8,1.32545551838733
"1993",78.7,6.7,9.8,0.688310085778997
"2003",79.4,8.2,10,0.532274469630017
"2015",74.5,6.3,10,0.714316021803827
"2023",74.9,8.5,10,0.701313053791412
"2033",73.6,4,10,0.662304149754167
"2043",74.4,3.5,10,1.1304109982011
"2053",75.2,5.1,10,1.87158017490876
"2063",79.5,7.5,10,1.41647629447423
"2073",74.7,4.1,10,1.02638725410179
"2083",77.2,7.2,9.9,1.45548519851148
"2093",79.4,5.8,10,0.571283373667262
"2104",81.3,8,10,0.532274469630017
"2115",77.1,10.2,10,0.675307117766582
"2123",78.2,10.9,10,0.766327893853486
"2143",79.6,11.7,9.7,1.28644661435008
"2153",75.7,10,10,0.0771705891954945
"2163",72.2,7.4,10,0.493265565592773
"2173",72.7,4.6,10,0.636298213729337
"2183",73.3,6.6,10,1.11740803018869
"2193",73.2,7,10,1.50749707056114
"2203",75.3,6.7,10,1.63752675068529
"2215",71.8,4.4,6.9,0.285218077394134
"2223",75.1,4.8,8,1.11740803018869
"2233",72.9,6.6,10,0.883354605965221
"2243",71.2,3.6,10,0.480262597580358
"2253",73.8,7.9,10,0.792333829878316
"2263",78.2,8.5,10,1.10440506217627
"2273",76.6,6.1,9.8,1.33845848639974
"2283",78.7,5.2,9.6,1.84557423888393
"2293",78.6,6.2,9.6,0.233206205344474
"2303",73.6,6.4,9.5,0.506268533605188
"2315",71.7,11.1,9.7,0.909360541990051
"2323",64.8,13.6,10,1.52050003857355
"2333",68.7,6.7,10,1.75455346279702
"2343",72.1,9.3,10,1.58551487863563
"2353",71.5,9.8,9.8,1.07839912615144
"2363",65,11.5,10,0.0121557491334198
"2373",63.4,8.9,10,0.571283373667262
"2383",61.9,6,10,0.896357573977636
"2393",63.1,3.6,9.9,0.532274469630017
"2403",65.5,4.2,9.7,1.07839912615144
"2415",67.6,5.7,7.7,0.493265565592773
"2423",68.4,3.3,5.4,1.00038131807696
"2433",71,2.8,6,0.285218077394134
"2452",80.3,7.1,9.9,1.01338428608937
"2463",81,6.9,10,1.97560391900808
"2473",74.4,5.4,9.9,1.19542583826318
"2483",75.4,6.1,9.6,0.571283373667262
"2493",79.9,7.9,9.9,1.23443474230042
"2503",81.5,7.3,10,1.10440506217627
"2515",77,6.5,9.3,-0.0788650269534848
"2523",70.2,6.5,10,-0.156882835027974
"2533",64,4,9.7,-0.833037171673551
"2543",61.9,8.2,9.7,-0.416942195276273
"2553",57.6,10,10,0.0121557491334198
"2563",58.1,6.2,10,0.142185429257569
"2573",65.3,9.2,10,0.883354605965221
"2583",72.9,11.2,10,1.16941990223835
"2593",70.5,9.7,10,0.558280405654847
"2603",71.7,9.7,10,-0.0788650269534848
"2615",72,7.4,7.9,0.883354605965221
"2623",65.5,9.7,8.3,0.896357573977636
"2633",60.4,2.6,10,1.14341396621352
"2643",62.1,4.6,9.9,0.155188397269984
"2653",64.6,3.3,9.9,0.701313053791412
"2663",68.2,3.4,10,1.42947926248665
"2673",66.7,4.6,9.9,-0.0658620589410699
"2683",65.5,7.2,9.4,1.14341396621352
"2693",67,6.9,9.5,0.896357573977636
"2703",67.4,6.3,9.9,1.02638725410179
"2715",69.6,4.3,10,0.389241821493453
"2723",64.4,9.6,8.9,-0.690004523536987
"2733",56.7,14.3,10,-0.585980779437668
"2741",55.2,14.5,10,2.1706484391943
"2753",55,16.4,10,0.98737835006454
"2763",52.1,16.3,9.5,-0.182888771052804
"2773",51.9,11,9.7,-0.898052011735626
"2783",57,6.8,7.8,0.415247757518283
"2793",60.2,4.5,8.1,0.376238853481038
"2803",62,6,9.5,-0.0658620589410699
"2815",61.7,6.8,10,-0.286912515152124
"2823",60.4,9.9,9.7,0.935366478014881
"2833",53.2,4.2,9.7,0.0771705891954945
"2843",61.5,9.3,10,0.155188397269984
"2853",67.1,12.4,10,0.116179493232739
"2863",55.7,13.4,10,0.233206205344474
"2873",52.3,6.9,10,0.532274469630017
"2883",54.8,8.9,10,1.20842880627559
"2893",48.9,9.7,10,0.142185429257569
"2903",42.5,9.2,10,-0.221897675090049
"2915",44.6,3.9,10,-0.624989683474912
"2923",54.9,13.9,10,0.844345701927976
"2933",63.7,11.5,10,0.805336797890731
"2943",62.7,8.8,9.9,0.922363510002466
"2953",59.8,6.7,10,0.662304149754167
"2963",55,9.3,10,0.701313053791412
"2973",61.8,12.1,8.7,0.545277437642432
"2983",51.3,5.8,10,0.0641676211830795
"2993",49.2,3.6,10,0.753324925841071
"3003",53.2,9.4,9.8,-0.937060915772871
"3015",52.7,12.6,5.3,-0.533968907388008
"3023",40.6,16,10,-0.703007491549402
"3033",45.5,5.8,10,0.688310085778997
"3043",46.8,9.4,7.2,-0.0268531549038251
"3063",57.9,8.4,10,0.805336797890731
"3073",58.4,6.2,10,0.337229949443793
"3083",57.5,6.6,4.8,0.883354605965221
"3093",63.8,10.5,9.5,0.402244789505868
"3103",55.5,16,9.5,0.311224013418963
"3115",44.3,9,10,-0.416942195276273
"3123",40.8,4.3,9.8,-0.234900643102464
"3133",41.7,2.6,9.9,-0.507962971363178
"3143",45.1,2.3,9.8,-1.08009356390944
"3153",47.9,8.8,10,-0.455951099313518
"3163",48.4,19.1,8.5,-0.390936259251443
"3173",41.7,17.5,10,-0.572977811425253
"3183",38.9,6.8,10,-0.351927355214199
"3193",52.5,8.3,10,-0.0138501868914101
"3203",51.6,9.7,10,0.272215109381719
"3215",51,13.5,7.6,-0.716010459561817
"3223",58.4,19.6,9.7,-0.507962971363178
"3233",44.6,16.1,10,-0.351927355214199
"3243",35.9,10,10,-0.11787393099073
"3253",31.9,8.6,1.9,-2.53642598129991
"3263",19.1,7.9,9.8,-2.64044972539923
"3273",28.4,9.1,10,-0.950063883785286
"3283",31.6,4.8,9.1,-1.50919150831913
"3293",38.3,10.8,9.8,-1.34015292415773
"3303",52,14.1,9.1,-1.73024196453018
"3313",45.5,14.4,5.7,-1.43117370024464
"3323",34.7,10.7,10,-0.846040139685966
"3333",32.7,6.5,10,-1.44417666825705
"3343",40.1,8.4,10,-0.716010459561817
"3353",41.6,9.4,7.3,0.961372414039711
"3363",34.8,6.7,6.7,-0.0918679949658998
"3373",33,9.3,8.9,-0.169885803040389
"3383",36.6,8.4,7.5,-0.299915483164539
"3393",35.8,7.1,5,-0.208894707077634
"3403",35.8,5.6,6.9,-0.468954067325933
"3415",33.7,4.2,3.9,-0.442948131301103
"3423",40,9.8,6.6,0.129182461245154
"3433",46,8.3,8.9,-0.494960003350763
"3443",48.3,12.8,10,-0.416942195276273
"3453",45.9,8.6,10,0.246209173356889
"3463",49.7,3.4,5.6,0.376238853481038
"3473",55,8.2,5.7,-0.937060915772871
"3483",54.7,15,8.4,0.207200269319644
"3493",41.3,8.3,10,0.909360541990051
"3503",43.3,12.9,9,-0.0138501868914101
"3515",33.4,15,10,0.0641676211830795
"3523",27.7,11,10,-0.911054979748041
"3533",23.3,11.2,10,-0.742016395586647
"3543",34.2,10.6,10,-0.390936259251443
"3553",46.3,13.3,7,-0.950063883785286
"3563",39.3,6.9,5,-0.377933291239028
"3573",47.1,11.3,4.3,0.402244789505868
"3583",42.1,15.9,10,-0.624989683474912
"3602",39.1,8.9,8,-1.08009356390944
"3614",38.4,12.9,6.3,-1.24913214807083
"3623",33.5,17.9,6.7,-2.69246159744889
"3633",33.5,10.6,7.2,-1.28814105210807
"3643",28.8,7.2,8.6,-1.56120338036879
"3653",27,8,9.6,-1.45717963626947
"2105",27,9.6,10,-2.03417287831538
"374",26.8,11.4,10,-1.49121303375734
"416",26.9,9.5,9.6,-1.38779211098438
"515",25.5,8.2,10,-1.37486449563776
"615",28.3,7.5,10,-1.36193688029114
"714",36,6.7,10,-0.340655267908151
"815",38.5,6.6,6.3,0.137666499916793
"915",37.1,5.2,2.6,-1.0775293426655
"1016",19,15.8,8.3,-1.76269295603636
"1116",5.1,8.7,8.9,-2.84861264515245
"1214",14,14.6,6.5,-2.39614610802075
"1316",6.7,8.6,10,-1.02581888127902
"1416",30.6,7.7,10,0.0083903464505921
"1516",39.9,11.4,9.2,0.0083903464505921
"1616",28.4,11.9,9.3,-1.05167411197226
"1716",7.5,14.2,10,-2.53834987683357
"1816",0.6,12.9,10,-2.82275741445921
"1916",5.8,6.7,10,-1.5946339565303
"2016",16.7,3.5,8.2,-1.47828541841072
"2116",19,2.9,9.9,-1.28437118821142
"2216",23.7,7.5,7.1,-0.418220959987871
"2316",27.8,6.4,9.4,-0.146741037708849
"2416",27.1,7.6,8.9,-0.754338958999994
"2516",30.6,6.8,8.5,0.137666499916793
"2616",32.7,14.4,7.6,-1.2068054961317
"2716",27.6,10,10,-0.831904651079714
"2816",34.1,13.8,10,0.241087422689754
"2916",28.3,9.5,10,0.163521730610033
"3016",37.5,9.7,10,0.124738884570173
"3116",42.2,6.5,7.6,-0.883615112466195
"3216",36,5.5,9.2,1.54677657269838
"3314",34.5,9.8,5.4,-1.54292349514382
"3416",35.6,9.9,5.6,-0.663845651573653
"3516",26.7,9.9,9.8,-0.818977035733094
"3615",28.9,6.2,9.9,-0.948253189199295
"375",30.5,6.9,9.2,-0.482859036720972
"384",37.6,10.5,9.9,-1.50414064910396
"394",30.9,9.1,9.7,-2.1117385703951
"404",19.3,12.2,6.1,-2.43492895406061
"417",13.6,11.2,9.2,-2.1763766471282
"424",13,7.2,10,-1.95660718623566
"434",19.1,10.8,9.8,-1.11631218870536
"444",9.4,11.7,10,-1.76269295603636
"454",13.9,8.3,8.1,-2.83568502980583
"464",20.7,7.3,4.1,-2.33150803128765
"474",27.5,3.8,8.1,-1.400719726331
"484",28.4,6.3,7.9,-1.19387788078508
"494",29.6,9.5,9.9,-0.676773266920273
"503",47.5,22.5,9.9,0.538422575662016
"516",49.1,14.1,10,-0.405293344641251
"524",39.6,8.2,10,-0.340655267908151
"534",35.1,3.4,10,-1.21973311147832
"544",35.6,4.5,9.4,-1.3360816495979
"554",34.8,16.6,7.5,-2.00831764762214
"564",33.4,16.4,8.8,-0.444076190681111
"574",31.1,9.4,10,0.0859560385303127
"584",36.7,10.7,9.9,-0.534569498107452
"594",51.7,16.9,10,-1.41364734167762
"604",40.8,14.1,10,-1.12923980405198
"616",28.3,15.1,8.2,1.08138242022006
"624",20.6,7.6,10,-1.5946339565303
"634",30.1,6.7,6.1,-1.50414064910396
"644",30.1,6,9.7,-0.379438113948011
"654",33.5,8.2,6.5,-0.431148575334491
"664",38.8,9.2,9.2,-0.25016196048181
"674",51.3,13,10,0.796974882594418
"684",61.8,13.3,10,-0.133813422362229
"694",61.1,10.6,9.2,-0.702628497613513
"704",49,6.7,10,-0.22430672978857
"715",42.7,4.8,9.9,-0.00453726889602799
"724",43.3,3.7,7.8,0.163521730610033
"734",46.8,8,6.4,-1.36193688029114
"744",46.9,4.4,6,-0.637990420880413
"754",49.5,7.6,7,-0.26308957582843
"764",52.6,19.9,9.4,0.150594115263413
"774",47.4,15,10,0.0601008078370725
"784",41.3,8.3,10,0.745264421207938
"794",38.5,7.3,10,-0.444076190681111
"804",36.8,8.4,10,-0.625062805533793
"816",38.4,5.7,10,-0.444076190681111
"824",47.8,10.2,10,-0.146741037708849
"834",41.6,11.5,8.2,-0.612135190187173
"844",37.1,11.7,4.2,-0.728483728306753
"854",34.5,8.2,10,-0.21137911444195
"864",40.1,6.7,9.7,0.0213179617972122
"874",46.9,6.8,9.3,-1.32315403425128
"884",45.1,10.8,9.9,0.0988836538769328
"894",43.7,5.1,9.7,0.0730284231836926
"904",48.9,11.3,10,-0.22430672978857
"916",59.8,16.3,9.1,0.266942653382994
"924",44.9,8.3,9.9,1.21065857368626
"934",35.2,15.8,8,-1.06460172731888
"944",40.1,13.4,10,-0.353582883254771
"954",40.6,14.1,9.6,-0.948253189199295
"964",33.5,7.5,10,-0.728483728306753
"974",44.5,10.2,8.2,-0.948253189199295
"984",40,12.5,9.1,0.111811269223553
"994",36.9,11,7.8,-1.38779211098438
"1004",30,11.8,9.6,-0.573352344147312
"1017",37.1,14.3,8.9,-0.379438113948011
"1024",47.7,10.3,7.5,-0.741411343653374
"1034",39.7,8,10,-0.418220959987871
"1044",42.7,6.9,10,-0.23723434513519
"1054",47.7,6.7,10,-0.547497113454072
"1064",53.5,6.7,10,1.00381672814034
"1074",57.6,6,9.9,0.0083903464505921
"1084",62.5,5,10,-0.32772765256153
"1094",65.7,3.3,10,0.0601008078370725
"1104",54,9.2,10,-0.392365729294631
"1117",58.1,9,10,-0.560424728800692
"1124",61.6,6.7,7,-0.25016196048181
"1134",51.2,9.5,8.9,-0.0303924995892682
"1144",47.6,7.2,10,-0.508714267414212
"1154",56.2,6.9,10,0.292797884076234
"1164",69,10.7,10,0.318653114769474
"1174",53.4,11.1,7.3,-0.521641882760832
"1184",44,12.6,9,-0.935325573852675
"1194",44.9,10.1,8.5,-0.0174648842426481
"1204",44.3,7.6,6.9,-0.185523883748709
"1215",44.8,10.3,7.1,-1.6592720332634
"1224",45.2,11.8,3.5,1.12016526625992
"1234",49.3,10.7,9.4,0.305725499422854
"1244",52.8,6.1,10,0.0213179617972122
"1254",52.3,11.1,9.5,-0.663845651573653
"1264",48.8,11.4,10,-0.418220959987871
"1274",59.2,5.2,10,0.784047267247798
"1284",64.6,12.3,9.9,0.111811269223553
"1294",55,4.1,10,-0.0562477302825084
"1304",55.9,10.1,10,-0.0174648842426481
"1317",54.2,9.5,2.9,-0.26308957582843
"1324",58.2,5.7,3.7,0.318653114769474
"1334",61.2,7.7,6,-0.560424728800692
"1344",57.6,10.1,9.8,0.965033882100479
"1354",46.3,12,9.1,-0.133813422362229
"1364",45,8.5,10,0.0730284231836926
"1374",55.7,10.7,10,0.628915883088357
"1384",54.3,9.4,10,-0.534569498107452
"1394",52,7.1,10,0.874540574674139
"1404",55.2,3.9,10,0.396218806849195
"1417",58.5,5.6,10,0.926251036060619
"1424",62.5,8.3,10,0.758192036554558
"1434",66.2,6.4,10,0.215232191996514
"1444",66.1,5.7,10,0.628915883088357
"1454",71.9,9.3,10,0.900395805367379
"1464",75.9,8.2,9.7,-0.159668653055469
"1474",71.1,8.2,8.9,0.435001652889055
"1484",74.2,8.1,9.5,0.861612959327518
"1494",73,12.8,10,0.745264421207938
"1504",71.8,11.6,9.8,0.835757728634278
"1517",74.5,5.6,10,1.12016526625992
"1521",72.6,7.7,9.2,0.292797884076234
"1544",70.1,5.9,10,0.861612959327518
"1554",70.1,3.1,10,1.14602049695316
"1564",68.8,6.9,9.3,1.21065857368626
"1574",68.2,9.8,9.9,0.564277806355256
"1584",71.2,10.3,10,0.758192036554558
"1594",63.3,10.3,10,0.266942653382994
"1604",60.7,6,10,0.137666499916793
"1617",61,6.1,9.8,-0.0821029609757486
"1624",73.8,7.5,9.5,0.409146422195815
"1634",82.4,8.1,10,1.06845480487344
"1644",71.4,10.5,10,1.53384895735176
"1654",67.9,5.7,10,0.784047267247798
"1664",74.1,6.7,10,1.31407949645922
"1674",78.4,8.8,10,0.732336805861318
"1684",74.4,10,10,1.13309288160654
"1694",70.8,8.1,10,1.24944141972612
"1704",74.3,5.2,10,0.383291191502575
"1717",77.7,5.7,10,1.00381672814034
"1724",83.4,11.6,10,1.59848703408486
"1734",75.5,8.7,10,1.18480334299302
"1744",71.8,6.2,10,0.202304576649894
"1754",70.3,6.7,7.2,0.874540574674139
"1764",70.9,7.4,10,0.952106266753859
"1774",76.7,7,10,1.02967195883358
"1784",81.3,9.2,9.8,0.538422575662016
"1794",79.6,9.1,10,0.486712114275536
"1804",68.2,9.9,10,0.435001652889055
"1817",66.8,5.2,9.9,0.913323420713999
"1822",69.4,6.9,10,1.46921088061866
"1844",65.5,4.1,10,0.292797884076234
"1854",68,6,10,0.628915883088357
"1864",70.8,6.5,9.6,1.48213849596528
"1874",75.5,6.1,9.4,2.08973641725643
"1884",77.4,8.7,9.1,0.111811269223553
"1894",76.8,5.4,9.8,0.732336805861318
"1904",75.9,8.3,6.8,0.732336805861318
"1917",73.1,9.8,10,-0.0562477302825084
"1924",72.4,3.8,10,0.344508345462715
"1934",78.3,8.4,10,-0.418220959987871
"1944",81.1,11.9,9.9,0.603060652395117
"1954",77.8,7.8,10,-0.0950305763223687
"1964",76,12.3,10,0.460856883582295
"1974",70.8,8.9,9.3,1.45628326527204
"1984",67.3,4.4,10,0.603060652395117
"1994",70.5,9.6,10,0.719409190514697
"2004",78.6,5.1,10,0.848685343980898
"2017",78.6,4.1,10,0.745264421207938
"2024",78.8,5.4,9.9,1.18480334299302
"2034",81,7.2,9.7,0.667698729128217
"2044",79.2,8,9.5,0.758192036554558
"2054",84.6,3.7,10,1.0425995741802
"2064",78.5,11.2,9.1,0.732336805861318
"2074",79,7.2,10,1.21065857368626
"2084",78.9,3.1,10,1.85703934101727
"2094",79.3,3.2,10,0.796974882594418
"2106",76.8,5,9,0.525494960315396
"2117",73.2,6.6,9,0.887468190020759
"2132",72.7,6,9.9,1.02967195883358
"2144",74.7,5.2,10,1.92167741775037
"2154",77.2,4.8,10,0.771119651901178
"2164",79.6,3.1,10,0.499639729622156
"2174",80.7,4.6,9.8,0.771119651901178
"2184",78.2,6.7,10,1.66312511081796
"2194",75.7,6.8,10,1.22358618903288
"2204",74.7,4.4,10,1.35286234249908
"2217",76.9,8.7,10,0.913323420713999
"2224",77.7,5.7,10,-0.107958191668989
"2234",80.4,3.6,10,-0.146741037708849
"2244",81.7,7.9,9.9,1.53384895735176
"2254",79.9,5.3,9.1,0.163521730610033
"2264",77,7.3,8.5,1.21065857368626
"2274",76.7,4.8,10,1.41750041923218
"2284",74.5,6,10,1.41750041923218
"2294",76.5,7,9.9,1.06845480487344
"2304",77,6,10,1.66312511081796
"2317",76.9,4.4,9.6,0.435001652889055
"2324",75.3,7.9,9.9,0.771119651901178
"2334",74.7,9.2,9.7,1.4304280345788
"2344",66.4,9.7,10,0.680626344474837
"2354",67.1,3.8,10,-0.0691753456291285
"2364",70.5,9.1,10,0.254015038036374
"2374",74.9,10.7,9.1,1.15894811229978
"2384",76.4,5.3,10,0.473784498928916
"2394",72.4,5.5,10,0.900395805367379
"2404",73.6,7.2,8.9,1.1072376509133
"2417",76.9,5.2,10,0.926251036060619
"2424",75.7,5.4,9.6,1.94753264844361
"2434",75.6,3.4,7.1,0.279870268729614
"2441",72.9,8.5,10,0.603060652395117
"2464",67.6,7.9,10,0.848685343980898
"2474",67.9,5.2,10,1.24944141972612
"2484",69,6,10,0.590133037048497
"2494",73.2,8.2,10,1.14602049695316
"2504",82.2,8.5,10,0.357435960809335
"2517",82.5,8,9.7,-0.133813422362229
"2524",76.3,8.5,9.7,0.796974882594418
"2534",73.8,4.6,10,1.09431003556668
"2544",68.8,8.3,9.7,0.435001652889055
"2554",64.7,5.2,10,0.318653114769474
"2564",66.5,7.5,10,0.771119651901178
"2574",72.2,7,10,0.680626344474837
"2584",69.4,7.9,9.7,1.12016526625992
"2594",68.2,6.4,10,1.15894811229978
"2604",72,10.2,10,0.952106266753859
"2617",73.9,8.7,9.2,1.3011518811126
"2624",69.1,3.5,10,0.615988267741737
"2634",71.4,6.4,10,-0.27601719117505
"2644",74.8,7.5,10,0.758192036554558
"2654",70.2,6.3,9.5,-0.0303924995892682
"2664",71.4,4.1,9.7,1.26236903507274
"2674",71.7,7.3,9.1,1.44335564992542
"2684",68.5,8.3,10,1.28822426576598
"2694",71.7,7.9,10,0.977961497447099
"2704",65.9,13,10,0.396218806849195
"2717",60.1,12.2,10,0.0213179617972122
"2724",56,9.5,9.7,-1.2714435728648
"2734",60.7,13.9,9.2,-0.405293344641251
"2742",61.8,11,8.5,0.499639729622156
"2754",61,6.8,8,1.66312511081796
"2764",59.7,6.3,7.9,-0.340655267908151
"2774",61.9,3.2,9.7,0.499639729622156
"2784",65.2,7.1,10,0.124738884570173
"2794",68.7,9.6,10,0.926251036060619
"2804",65.8,4.4,8.9,0.266942653382994
"2817",65.2,9.1,9.8,1.67605272616458
"2824",52.4,6.3,10,-0.23723434513519
"2834",55.9,6.6,9.7,-0.663845651573653
"2844",56,4.5,10,-0.120885807015609
"2854",63,8.6,10,-0.469931421374352
"2864",62.3,10.3,8.7,0.163521730610033
"2874",47.9,6.9,9.8,-0.508714267414212
"2884",50.2,5,9.6,1.13309288160654
"2894",58,10,8.5,1.15894811229978
"2904",68.5,8.6,9.2,0.732336805861318
"2917",71.8,12.5,9.9,1.08138242022006
"2924",73.9,14.1,10,0.525494960315396
"2934",60.4,3.3,10,-0.27601719117505
"2944",54.8,9.3,10,-0.21137911444195
"2954",47.7,12,10,0.344508345462715
"2964",46.6,6.5,10,0.512567344968776
"2974",55,7.3,9.8,0.667698729128217
"2984",53.7,9.2,10,0.473784498928916
"2994",46,3.6,10,0.0342455771438323
"3004",47.8,11.5,7.9,-0.444076190681111
"3017",47.6,7.6,7.3,-0.0303924995892682
"3024",48.9,6.6,9.5,0.887468190020759
"3034",65.8,11.2,9.9,1.26236903507274
"3044",54.5,9.6,9.3,0.680626344474837
"3053",47.9,6.6,10,1.72776318755107
"3074",62.3,4.6,7.5,0.202304576649894
"3084",56,4.8,6.6,0.641843498434977
"3094",52.8,4.4,10,0.641843498434977
"3104",54.7,5.9,10,1.13309288160654
"3117",56.1,3.4,9.7,0.254015038036374
"3124",53.8,3.8,9.9,0.0601008078370725
"3134",55.7,7.4,9.8,-1.15509503474522
"3144",49.5,8.1,10,-0.689700882266893
"3154",49.4,10.1,10,-0.133813422362229
"3164",49.4,12.1,10,0.835757728634278
"3174",41.8,6.7,10,0.603060652395117
"3184",44.6,7.8,10,-0.948253189199295
"3194",48.4,6.9,10,-0.818977035733094
"3204",46,3,6.3,-0.27601719117505
"3217",48.1,3.3,8.3,0.473784498928916
"3224",54.6,10.3,7.9,1.00381672814034
"3234",62,14.8,9.5,0.784047267247798
"3244",37.9,18.5,10,-0.728483728306753
"3254",29.2,9.5,10,-0.909470343159435
"3264",30.1,4.7,10,-0.650918036227033
"3274",32.8,5.4,10,-0.146741037708849
"3284",39.8,9.2,5.2,-0.444076190681111
"3294",40.3,7.8,8.7,-2.57713272287343
"3304",37.3,7,8.7,-0.573352344147312
"3315",37.8,6.6,10,-0.185523883748709
"3324",37.8,7.2,5.8,-0.521641882760832
"3334",44.1,15.2,7.8,-0.521641882760832
"3344",49.7,12.6,9.3,-0.457003806027731
"3354",40.8,8.3,9.9,-0.469931421374352
"3364",37.5,12.5,10,1.14602049695316
"3374",37.4,8.8,10,1.31407949645922
"3384",33.3,6.1,10,0.318653114769474
"3394",31.5,2.9,6.5,-1.7885481867296
"3404",31.9,7.6,5.1,-0.715556112960133
"3417",32.9,6.5,4.4,-0.586279959493932
"3424",26.2,13.2,10,-0.948253189199295
"3434",21.3,15.9,10,-1.64634441791678
"3444",22.9,9.8,9.5,-0.844832266426334
"3454",20.1,7.4,9.5,-1.56877872583706
"3464",26,8.4,2.6,-2.86154026049907
"3474",25.2,10.2,5.6,-1.34900926494452
"3484",15,7.6,8.3,-2.047100493662
"3494",9.6,11.6,10,-1.5946339565303
"3504",3.9,13,9.9,-1.9824624169289
"3517",11.7,7.7,9.4,-0.495786652067592
"3524",20.4,6.6,5.5,-1.54292349514382
"3534",11.3,13.2,6.4,-2.68055364564639
"3544",-0.6,8.8,10,-0.948253189199295
"3554",19.6,14.5,10,-0.521641882760832
"3564",26,7.9,10,-0.0562477302825084
"3574",34.1,9.2,10,-0.405293344641251
"3584",30.6,6.1,9.1,-0.0691753456291285
"3591",34.9,5.1,6.1,-1.67219964861002
"3616",45.1,14.5,5.8,-1.11631218870536
"3624",28,13.9,10,-0.909470343159435
"3634",29.6,8.5,10,-0.146741037708849
"3644",33.6,14.1,9.8,-1.11631218870536
"3654",29.3,12,9.9,0.111811269223553
"3661",35.5,13.8,10,-0.379438113948011
"2107",34,5.2,7.2,-1.74284244516849
"376",38.2,5.9,2.4,-0.230177575650561
"418",18.2,14.9,9.7,-1.75724877725914
"517",9.3,11.5,9.9,-1.77165510934978
"617",4.4,10.2,10,-1.91571843025625
"716",6.5,8,10,-1.67081078471526
"817",9.2,8.2,10,-2.05978175116272
"917",21.5,11.1,9.7,-0.302209236103796
"1018",37.5,18,8.5,-0.417459892828972
"1118",31.6,12.1,8.3,-1.02252584063614
"1216",26.1,10.9,6,-1.29624615035844
"1318",19.9,8.5,10,0.951141655782488
"1418",28.9,4.9,9.9,-0.70558653464191
"1518",26,2.4,9.6,-1.12337016527067
"1618",32.6,3.7,5.7,-1.18099549363326
"1718",37.2,7.4,4.2,-0.417459892828972
"1818",34.7,9.2,5.1,-0.388647228647678
"1918",35.8,5.7,4.2,0.0579490661623776
"2018",39,6.2,2.7,0.70623401024149
"2118",48.2,7.2,4.6,0.749453006513431
"2218",42.8,4.2,6.7,0.115574394524965
"2318",39.4,7.9,8.3,0.792672002785372
"2418",36.6,5.7,9.9,0.0291364019810837
"2518",37.2,9.6,5.2,0.202012387068847
"2618",33.2,11.3,8.4,-0.84964985554838
"2718",27.8,12.4,9.8,0.720640342332137
"2818",26.7,11,9.2,-0.042895258472151
"2918",26.8,8.9,9.2,-1.4403094712649
"3018",22.1,8.5,10,0.33166937588467
"3118",36,13.6,9.6,0.000323737799789801
"3218",34.6,10.6,9.7,1.62823926404289
"3316",20.6,12.1,10,-0.907275183910968
"3418",19.1,10.6,10,-0.921681516001615
"3518",21.6,8.6,10,-1.38268414290232
"3617",32.7,11,10,-0.561523213735441
"377",33.5,4.9,9,0.403701036337904
"385",43.8,6.4,2.8,-0.590335877916735
"395",30.7,10.6,8.9,-0.979306844364202
"405",19,11.3,10,-0.950494180182909
"419",25.7,12,10,0.158793390796906
"425",40.9,5,9.3,-0.431866224919619
"435",39.3,12.9,9.4,-0.806430859276439
"445",34.6,9.5,10,-0.230177575650561
"455",39.7,10.9,10,-0.302209236103796
"465",33.2,12.1,10,-0.878462519729674
"475",33.4,7,10,-0.907275183910968
"485",43.2,6.9,10,1.41214428268319
"495",57.5,7.9,10,0.202012387068847
"504",51.1,2.8,9.7,-0.864056187639027
"518",53,8,8.1,-0.33102190028509
"525",60.1,8.4,8.5,-0.792024527185792
"535",57.7,7.4,6,-0.446272557010265
"545",51.6,10.5,9.8,-1.13777649736132
"555",39.4,12,7.1,-1.06574483690808
"565",29.3,12.6,8.7,-1.94453109443755
"575",32.3,11.1,10,-2.27587673252243
"585",41.1,7,10,-1.45471580335555
"595",51.3,11.7,9.2,-1.48352846753685
"605",47.1,9.4,5.6,0.115574394524965
"618",32,10.6,9.1,-1.51234113171814
"625",27.5,10.6,9.9,-0.878462519729674
"635",33.2,9.4,8.8,-1.45471580335555
"645",41.4,12.8,10,-1.03693217272679
"655",54.8,16,10,-0.734399198823204
"665",55.1,20.4,9.7,-0.734399198823204
"675",46.3,18.9,10,-0.964900512273555
"685",39,7.6,10,-0.835243523457733
"695",31.8,11.8,10,-0.979306844364202
"705",24,8.7,10,-1.08015116899873
"717",26.5,4.7,10,-2.60722237060731
"725",29.5,9.6,4.8,-2.78009835569507
"745",23.5,10.9,10,-1.81487410562173
"755",29,5.5,10,-0.950494180182909
"765",38.2,8.1,7,-0.359834564466384
"775",42.3,11.9,9.6,-0.864056187639027
"785",40.8,5.6,10,-1.85809310189367
"795",48.6,8.8,9.2,-0.547116881644794
"805",43.7,8.1,9.7,-1.20980815781455
"818",33.5,12.9,10,-1.25302715408649
"825",36.8,9.7,10,-0.979306844364202
"835",58.3,12.5,10,0.648608681878902
"845",42.7,11.8,6.9,-0.561523213735441
"855",51.3,6.8,4.5,-0.460678889100912
"865",50.4,6.1,5,-0.172552247287974
"875",43.8,9.3,9.9,-0.878462519729674
"885",40.9,9,6.7,-0.936087848092262
"895",43.3,12.1,6.8,-0.619148542098029
"905",39.3,14.1,6,0.619796017697608
"918",44.6,5.8,10,1.39773795059254
"925",49.7,4.9,10,-0.633554874188676
"935",50.4,6.2,8.9,-0.532710549554147
"945",48.9,8.9,8,-0.316615568194443
"955",44.8,9.9,6.9,-1.45471580335555
"965",42.9,17.5,8.7,-0.950494180182909
"975",43.8,11.1,10,-0.417459892828972
"985",49.9,9.3,10,-0.547116881644794
"995",64.1,15.7,10,0.389294704247257
"1005",68.8,15.7,9.9,-0.734399198823204
"1019",46.8,8.7,7.3,-0.446272557010265
"1025",47.7,5.5,10,-0.100520586834739
"1035",49.7,8.6,9.5,-0.993713176454849
"1045",54.1,7.7,10,0.562170689335021
"1055",69.7,12.9,9.5,1.19604930132349
"1065",68.1,12.2,9.3,-0.676773870460617
"1075",58.8,6,10,0.259637715431435
"1085",55.4,9.3,10,0.0147300698904367
"1095",64.7,8.5,10,0.346075707975316
"1105",56.5,11.3,10,-0.302209236103796
"1119",50.4,12.7,10,1.16723663714219
"1125",49.7,9.4,10,-0.475085221191559
"1135",54.5,3.5,10,-0.446272557010265
"1145",55.3,7.2,10,0.0291364019810837
"1155",63.7,9.2,10,0.33166937588467
"1165",69.5,11.9,10,0.346075707975316
"1175",54.3,12,8.7,-0.258990239831855
"1185",48.4,6.5,9.8,1.41214428268319
"1195",45.5,13.7,8.2,-1.69962344889655
"1205",43.6,14.3,3.4,-1.10896383318002
"1217",49.6,10.1,7.6,1.85874057749325
"1225",45.8,15.8,9.6,-0.647961206279323
"1235",47.6,5.8,10,0.0723553982530245
"1245",48.7,8.9,10,0.101168062434318
"1255",49.1,12,10,0.936735323691841
"1265",51,10.3,9.9,-0.302209236103796
"1275",48.3,8.3,10,-1.49793479962749
"1285",46.1,5.5,10,-0.417459892828972
"1295",48.1,6.3,9.8,-0.388647228647678
"1305",55,5.3,9.5,-1.02252584063614
"1319",54.8,9.5,6.6,0.0435427340717306
"1325",58.6,5.3,10,1.65705192822419
"1335",62.1,7.2,10,-0.14373958310668
"1345",62.4,6.3,10,-0.316615568194443
"1355",62.5,7.5,10,1.97399123421842
"1365",74.1,10.2,10,0.202012387068847
"1375",78.3,16.7,10,1.45536327895513
"1385",74,18.1,9.8,0.590983353516314
"1395",48,15.6,9.4,0.605389685606961
"1405",51.4,10.9,8.5,-1.0081195085455
"1419",60.8,9.1,7.7,0.821484666966666
"1425",57.5,11.4,10,0.907922659510547
"1435",60.7,7.4,9.1,0.0723553982530245
"1445",56.9,10.1,7.9,0.403701036337904
"1455",58.8,10.6,10,0.418107368428551
"1465",60.2,5.2,9.2,0.475732696791139
"1475",61.7,5.4,9.4,0.951141655782488
"1485",67.6,5.4,9.6,-0.417459892828972
"1495",68.7,10.5,10,0.490139028881786
"1505",64.2,9.5,10,1.15283030505155
"1519",63.8,9.3,10,0.0723553982530245
"1522",66.4,4.8,10,2.31974320439395
"1533",70.5,4,10,1.54180127149901
"1545",73.4,5.4,10,1.28248729386737
"1555",80.1,7.5,10,1.23926829759543
"1565",70,9.9,10,0.0435427340717306
"1575",64.5,12.6,10,1.32570629013931
"1585",66.7,8.9,10,0.778265670694725
"1595",69.1,3.3,10,0.504545360972433
"1605",74.3,7.5,9.9,1.18164296923284
"1619",75.6,9.9,10,0.735046674422784
"1625",81.8,13.1,10,1.1384239729609
"1635",85,11.6,10,0.115574394524965
"1645",79.9,6.5,10,1.08079864459831
"1655",77.3,7.9,9.6,0.504545360972433
"1665",76.2,8.1,9.5,1.28248729386737
"1675",76.8,8.8,9.8,1.45536327895513
"1685",78,8.7,9.8,1.34011262222996
"1695",74.4,10,10,0.749453006513431
"1705",70.2,9.3,10,0.158793390796906
"1719",67.2,9,10,0.994360652054429
"1725",67.7,5.5,10,0.749453006513431
"1735",78.5,10.7,10,1.21045563341413
"1745",76.9,10.7,9.7,0.634202349788255
"1755",69.6,11,10,1.22486196550478
"1765",64,11,9.9,0.8935163274199
"1775",64,10.5,10,0.763859338604078
"1785",64.6,7,10,0.547764357244374
"1795",67.6,11.1,9.7,-0.388647228647678
"1805",74.4,12.2,9.6,0.605389685606961
"1819",73,5.7,8.4,0.634202349788255
"1833",74.4,9,10,0.663015013969549
"1845",73,6.7,10,1.87314690958389
"1855",72.3,7,10,0.8935163274199
"1865",76.2,5.4,9.5,1.80111524913066
"1875",80.7,4.5,10,0.677421346060196
"1885",80.9,8.7,9.8,0.346075707975316
"1895",70.5,6.6,10,0.360482040065963
"1905",73.4,6.1,10,1.28248729386737
"1919",77,7.2,9.5,0.648608681878902
"1925",76.4,4.3,9.5,0.504545360972433
"1935",75.4,9.4,8.9,-0.619148542098029
"1945",78.2,8.7,9.9,1.23926829759543
"1955",70.9,8.3,10,0.922328991601194
"1965",69.7,4.7,10,2.23330521185007
"1975",71.8,9.6,10,1.12401764087025
"1985",67.4,6.1,10,1.62823926404289
"1995",73.7,3.6,9,0.835890999057313
"2005",80.5,5.8,10,0.504545360972433
"2019",76.7,8.6,9.1,0.389294704247257
"2025",79.7,4.9,9.7,0.346075707975316
"2035",77.4,7.5,9,0.302856711703376
"2045",78.8,5,9.6,1.55620760358966
"2055",70.6,9.4,10,0.691827678150843
"2065",71.2,6.6,10,1.67145826031484
"2075",74.9,6.8,9.9,0.259637715431435
"2085",77.9,8.6,8.6,0.807078334876019
"2095",73.6,12,10,1.68586459240548
"2108",72,9.8,10,0.951141655782488
"2119",73.3,5.3,10,1.21045563341413
"2124",75.7,2.5,10,0.864703663238606
"2145",76.7,5.9,9.9,0.576577021425668
"2155",74.7,7.4,9.6,1.65705192822419
"2185",70.7,3.7,10,1.88755324167454
"2195",69.5,6.6,10,0.562170689335021
"2205",70.2,4.9,10,0.490139028881786
"2219",72.9,3.8,9.9,0.504545360972433
"2225",73.8,7.4,10,0.807078334876019
"2235",71.3,7,10,0.446920032609845
"2245",68.4,7.8,10,1.1384239729609
"2255",68.8,3.4,10,-0.057301590562798
"2265",72.4,3.8,10,1.16723663714219
"2275",75.4,5.8,9.9,0.879109995329253
"2285",75,7,9.5,0.879109995329253
"2295",77.3,12,9.4,0.490139028881786
"2305",74.2,10.7,10,1.80111524913066
"2319",74.2,5.2,10,2.27652420812201
"2325",75.1,4.5,9.8,0.605389685606961
"2335",78.1,6.8,10,0.288450379612729
"2345",75.9,11.5,10,0.663015013969549
"2355",69.6,9.4,10,0.1876060549782
"2365",66.7,7,10,0.965547987873135
"2375",63.6,4.7,10,0.547764357244374
"2385",66.9,5.6,10,0.648608681878902
"2395",68.4,7.6,10,0.317263043794023
"2405",69.8,6,9,-0.66236753836997
"2419",67.7,4.5,8.2,-0.14373958310668
"2425",70.3,4.5,9.5,0.778265670694725
"2435",69.3,10.3,9.8,0.0291364019810837
"2453",62.3,4.2,10,0.547764357244374
"2465",68.1,6,9.4,0.33166937588467
"2475",73.3,10.6,9.7,-0.258990239831855
"2485",63.2,10.8,10,-0.417459892828972
"2495",57.8,9.4,10,-1.23862082199585
"2505",59.8,8.2,10,-0.0861142547440919
"2519",62.4,5.6,10,-0.460678889100912
"2525",63.5,7.7,10,0.0291364019810837
"2535",60.8,5.7,10,0.0723553982530245
"2545",62.2,3.7,9.9,-0.619148542098029
"2555",65,6,10,-0.114926918925386
"2565",65.8,5.2,9.7,-0.403053560738325
"2575",68.4,3.6,6.7,0.000323737799789801
"2585",73.4,7.7,10,1.06639231250766
"2595",76.9,7.8,10,1.32570629013931
"2605",76.6,6.6,9.9,1.12401764087025
"2619",67.7,6.3,10,0.547764357244374
"2625",69.9,6.2,9.4,-0.374240896557031
"2635",74.8,8.3,8.3,1.34011262222996
"2645",83.4,6,10,1.05198598041702
"2655",83.7,6,10,0.922328991601194
"2665",82.7,5.1,10,1.3833316185019
"2675",81.1,5.6,9.7,1.1096113087796
"2685",79.4,5.4,10,1.25367462968607
"2695",80,6.8,10,0.216418719159494
"2705",69.9,10.2,10,-0.114926918925386
"2719",62,7.6,10,-0.244583907741208
"2725",64.1,8.7,10,1.09520497668896
"2735",61.1,7.1,10,0.173199722887553
"2743",59.1,7.5,10,1.70027092449613
"2755",69.3,10,10,0.259637715431435
"2765",72.8,13.1,10,0.0579490661623776
"2775",71.4,8.9,9.5,0.115574394524965
"2785",64.6,4,10,0.1876060549782
"2795",64.2,6,6.3,0.202012387068847
"2805",69.5,13.9,9.1,-0.316615568194443
"2819",64.6,9.2,10,-0.230177575650561
"2825",66.1,3.6,10,0.173199722887553
"2835",61.6,10.9,9.7,-0.446272557010265
"2845",58.8,12.4,6.5,-1.6852171168059
"2855",57.8,6.8,9.1,0.446920032609845
"2865",61.4,6,9.5,0.504545360972433
"2875",63.6,6.8,6,-1.25302715408649
"2885",60.2,14.2,8.3,-1.36827781081167
"2895",51.7,7.3,10,0.418107368428551
"2905",57,9.3,10,-0.215771243559914
"2919",59.4,10.3,10,0.576577021425668
"2925",61.4,7.3,10,0.576577021425668
"2935",61.4,6.2,10,1.65705192822419
"2945",67.5,11.8,10,1.15283030505155
"2955",65.6,13.9,8.6,0.0723553982530245
"2965",52.3,7.4,8.3,0.0867617303436715
"2975",48.4,10.6,9,-0.647961206279323
"2985",44.1,7.3,10,-0.287802904013149
"2995",46.5,7.4,10,0.302856711703376
"3005",45,13.1,10,1.22486196550478
"3019",38.5,10.9,9.7,-0.244583907741208
"3025",39.9,6.8,10,-0.547116881644794
"3035",44.8,11.7,10,-0.374240896557031
"3045",37.8,12.6,10,0.346075707975316
"3054",38.7,7.6,9.7,1.31129995804866
"3064",46.6,5.4,4.7,-0.172552247287974
"3075",44.4,8.3,9.7,0.792672002785372
"3085",45.7,8.7,6.5,0.317263043794023
"3095",49.5,4.5,3.3,0.562170689335021
"3105",41,8.9,10,-0.244583907741208
"3119",40,8.9,10,-0.806430859276439
"3125",36.6,3.9,10,0.346075707975316
"3135",38.8,9,10,-1.12337016527067
"3145",24,9.2,9.1,-0.806430859276439
"3155",29.5,8.6,9.9,-0.66236753836997
"3165",37.6,3.2,8.5,-0.979306844364202
"3175",36.4,5.3,4.6,-0.230177575650561
"3185",38.9,7.5,6.7,-0.489491553282206
"3195",47.6,12,8.1,-0.359834564466384
"3205",36.2,11.8,10,0.446920032609845
"3219",38.4,10.5,9.6,0.101168062434318
"3225",42.8,11.4,5.1,-0.5183042174635
"3235",34.6,13.7,10,-0.633554874188676
"3245",38.1,12.4,10,0.403701036337904
"3255",42.9,15.6,10,-0.878462519729674
"3265",28.7,7.5,10,-1.12337016527067
"3275",36.3,7.8,10,-2.75128569151378
"3285",44,9.4,10,-0.734399198823204
"3295",48.9,11.9,10,-0.287802904013149
"3305",37.5,6.8,10,-0.979306844364202
"3317",44.2,3.9,10,0.576577021425668
"3325",55.3,15,10,0.70623401024149
"3335",43.3,6.9,10,0.533358025153727
"3345",46.3,9.4,10,0.245231383340788
"3365",42.1,4.2,9.9,0.346075707975316
"3375",42.8,3.6,10,-0.835243523457733
"3385",55.4,15.4,10,1.08079864459831
"3395",41.4,21.4,9.7,-0.33102190028509
"3405",30.6,12.5,10,-0.33102190028509
"3419",25.1,11.5,9.6,-1.56996646008073
"3425",24.7,9.9,10,0.0147300698904367
"3435",29.8,12.8,7.3,-1.08015116899873
"3445",25.9,9.4,10,-1.0081195085455
"3455",30.6,6.3,9.8,0.0867617303436715
"3465",24.1,14.3,9.3,-0.719992866732557
"3475",26.5,9.9,9.7,-0.489491553282206
"3485",24.1,11.5,9.8,-0.230177575650561
"3495",25.7,8.2,9.9,0.490139028881786
"3505",38.1,8.1,10,0.547764357244374
"3519",35.5,4.1,6.6,-0.0717079226534449
"3525",42.4,7.7,7.8,-0.100520586834739
"3535",43.4,10.9,10,0.432513700519198
"3545",34,8.7,10,-0.431866224919619
"3555",34.9,7,10,0.1876060549782
"3565",37.8,6.2,8.7,0.720640342332137
"3575",30.6,9.1,9.2,-0.287802904013149
"3585",21.1,6.3,6.7,-3.31313264304901
"3603",2.5,9.1,10,-2.99619333705477
"3618",1.1,7.8,10,-3.03941233332672
"3625",6.2,5.2,8.8,-1.91571843025625
"3635",12.2,6.5,6.1,-2.30468939670372
"3645",9.7,10.7,8,-1.62759178844331
"3655",0.4,7.1,10,-2.78009835569507
