day,year,mo,da,date,temp,dewp,slp,visib,wdsp,mxpsd,gust,max,min,prcp,sndp,fog,num_offences,other_offense,criminal_trespass,burglary,weapons_violation,kidnapping,deceptive_practice,officer_interference,sex_offense,theft,robbery,assault,child_offense,criminal_damage,battery,narcotics,vehicle_theft,crim_sexual_assault,peace_violation,stalking,criminal_sexual_assault,liquor_violation,obscenity,gambling,prostitution,arson,homicide,intimidation,public_indecency,other_narcotics,cc_violation,human_trafficking,non_criminal1,non_criminal2,ritualism,non_criminal3,domestic_violence
5,2016,01,01,2016-01-01,23.4,16.5,1023.1,9.8,12.4,18.1,22.9,30.0,19.0,0.02,1.2,0,1177,71,8,14,7,1,236,2,58,130,24,43,133,113,229,21,28,37,3,0,11,0,3,0,0,1,3,1,0,0,0,0,0,0,0,0,0
6,2016,01,02,2016-01-02,27.0,19.4,1019.0,10.0,9.6,15.0,22.0,32.0,19.0,0.06,1.2,0,576,41,9,33,2,1,46,1,2,131,22,32,5,77,101,29,29,6,6,0,0,2,0,0,1,0,0,0,0,0,0,0,0,0,0,0,0
7,2016,01,03,2016-01-03,26.8,19.3,1018.4,10.0,11.4,17.1,28.0,32.0,21.9,0.0,1.2,0,618,39,16,24,4,1,30,0,3,148,43,39,3,81,124,29,28,1,0,2,0,1,0,0,0,1,1,0,0,0,0,0,0,0,0,0,0
1,2016,01,04,2016-01-04,26.9,18.5,1028.9,9.6,9.5,13.0,999.9,30.9,21.9,0.0,1.2,0,626,33,23,55,5,1,52,1,3,135,33,35,3,73,108,23,32,3,3,0,0,0,0,0,0,2,1,1,0,0,0,0,1,0,0,0,0
2,2016,01,05,2016-01-05,25.5,17.0,1033.7,10.0,8.2,15.0,999.9,33.1,17.1,0.0,1.2,0,627,42,10,31,5,0,57,0,3,154,32,41,5,66,112,39,21,1,1,0,0,1,0,0,1,0,5,0,0,0,0,0,0,0,0,0,0
3,2016,01,06,2016-01-06,28.3,20.9,1026.8,10.0,7.5,11.1,999.9,36.0,17.1,0.0,1.2,0,628,52,8,35,3,0,56,1,4,146,32,48,7,77,95,34,21,2,1,0,0,1,0,0,1,2,1,1,0,0,0,0,0,0,0,0,0
4,2016,01,07,2016-01-07,36.0,26.4,1020.3,10.0,6.7,9.9,999.9,41.0,21.2,0.0,1.2,0,707,40,18,47,5,2,56,1,2,165,38,47,9,74,111,43,26,5,4,0,0,0,0,0,10,1,2,0,0,0,0,0,0,0,0,1,0
5,2016,01,08,2016-01-08,38.5,34.2,1012.3,6.3,6.6,11.1,999.9,42.1,34.0,0.02,1.2,0,744,47,15,46,8,2,50,3,2,161,47,46,8,98,118,48,29,2,6,1,0,0,0,0,3,2,2,0,0,0,0,0,0,0,0,0,0
6,2016,01,09,2016-01-09,37.1,36.6,1008.3,2.6,5.2,11.1,999.9,42.1,32.0,0.18,1.2,1,650,42,12,34,4,0,36,2,6,128,39,48,7,89,125,38,25,3,2,0,0,1,0,0,5,2,2,0,0,0,0,0,0,0,0,0,0
7,2016,01,10,2016-01-10,19.0,14.2,1012.3,8.3,15.8,21.0,28.0,39.9,6.1,0.27,1.2,0,597,53,15,35,7,0,42,3,4,118,38,31,7,55,127,29,28,1,1,0,0,0,0,0,3,0,0,0,0,0,0,0,0,0,0,0,0
1,2016,01,11,2016-01-11,5.1,-1.6,1019.0,8.9,8.7,15.0,19.0,23.0,-0.9,0.0,1.2,0,513,32,10,33,2,0,45,0,2,118,41,35,4,42,92,16,35,0,3,0,1,0,0,0,0,1,1,0,0,0,0,0,0,0,0,0,0
2,2016,01,12,2016-01-12,14.0,7.1,1014.3,6.5,14.6,22.9,29.9,24.1,-0.9,0.12,3.1,0,548,35,21,42,3,1,43,2,5,118,21,34,4,58,82,35,37,2,2,0,0,1,1,0,0,1,0,0,0,0,0,0,0,0,0,0,0
3,2016,01,13,2016-01-13,6.7,-0.8,1020.3,10.0,8.6,14.0,20.0,21.0,-2.0,0.01,2.0,0,654,51,11,50,8,0,54,0,0,141,33,32,5,76,101,35,35,4,6,1,2,1,0,0,2,1,3,1,0,0,0,0,1,0,0,0,0
4,2016,01,14,2016-01-14,30.6,23.7,1006.9,10.0,7.7,12.0,999.9,42.1,21.0,0.0,1.2,0,734,45,19,55,4,0,55,1,7,152,28,49,8,83,133,49,26,5,5,0,0,0,0,0,5,3,1,1,0,0,0,0,0,0,0,0,0
5,2016,01,15,2016-01-15,39.9,35.4,997.9,9.2,11.4,17.1,24.1,44.1,24.3,0.0,2.0,0,734,44,12,43,9,1,56,2,2,168,37,41,5,77,148,38,36,1,3,1,0,0,0,0,8,1,1,0,0,0,0,0,0,0,0,0,0
6,2016,01,16,2016-01-16,28.4,21.3,1008.5,9.3,11.9,17.1,21.0,43.0,24.1,0.01,999.9,0,652,45,11,40,5,1,47,2,1,133,28,37,3,78,127,38,39,5,3,0,0,1,0,0,4,1,3,0,0,0,0,0,0,0,0,0,0
7,2016,01,17,2016-01-17,7.5,-3.0,1017.6,10.0,14.2,19.0,24.1,30.0,1.0,0.0,999.9,0,537,40,10,22,4,1,32,0,1,97,27,29,6,64,138,26,27,3,1,0,0,3,0,0,1,3,1,1,0,0,0,0,0,0,0,0,0
1,2016,01,18,2016-01-18,0.6,-9.9,1025.7,10.0,12.9,17.1,21.0,9.0,-4.0,0.0,999.9,0,515,41,9,18,4,3,36,0,1,114,26,32,2,72,79,36,38,1,2,0,0,0,0,0,0,1,0,0,0,0,0,0,0,0,0,0,0
2,2016,01,19,2016-01-19,5.8,-4.7,1031.4,10.0,6.7,14.0,18.1,17.1,-4.0,0.0,999.9,0,610,46,16,47,4,0,52,1,1,139,28,32,3,64,97,33,39,0,4,0,0,0,1,0,1,0,1,0,0,0,1,0,0,0,0,0,0
3,2016,01,20,2016-01-20,16.7,9.2,1027.1,8.2,3.5,8.0,999.9,23.0,0.0,0.05,1.2,0,619,31,12,37,4,0,50,1,5,161,29,41,3,66,106,35,28,1,7,1,0,0,0,0,0,0,1,0,0,0,0,0,0,0,0,0,0
4,2016,01,21,2016-01-21,19.0,12.8,1027.3,9.9,2.9,7.0,999.9,28.9,9.0,0.0,1.2,0,634,47,15,46,3,3,41,2,0,154,39,49,5,65,88,34,29,3,6,0,0,0,0,0,0,2,3,0,0,0,0,0,0,0,0,0,0
5,2016,01,22,2016-01-22,23.7,18.3,1025.9,7.1,7.5,13.0,999.9,30.2,18.0,0.0,999.9,0,701,34,12,38,9,1,43,2,1,176,34,40,4,89,107,54,38,3,6,0,0,3,2,0,3,2,0,0,0,0,0,0,0,0,0,0,0
6,2016,01,23,2016-01-23,27.8,21.0,1023.6,9.4,6.4,11.1,999.9,33.1,19.0,0.02,999.9,0,722,43,16,38,9,1,45,3,2,177,35,32,0,92,143,42,31,2,1,0,1,3,0,0,2,1,2,1,0,0,0,0,0,0,0,0,0
7,2016,01,24,2016-01-24,27.1,19.0,1016.7,8.9,7.6,14.0,17.1,34.0,24.1,0.0,999.9,0,675,50,22,32,14,0,26,2,1,141,40,31,4,90,140,26,48,2,1,0,0,1,0,1,0,0,3,0,0,0,0,0,0,0,0,0,0
1,2016,01,25,2016-01-25,30.6,25.2,1011.5,8.5,6.8,13.0,999.9,39.9,24.1,0.0,999.9,0,744,49,22,45,7,1,55,0,1,166,43,43,7,80,146,33,27,3,7,0,0,1,0,0,0,2,5,1,0,0,0,0,0,0,0,0,0
2,2016,01,26,2016-01-26,32.7,28.5,1011.5,7.6,14.4,22.9,29.9,41.0,24.3,0.15,999.9,0,640,52,17,40,6,0,61,1,2,123,32,53,5,67,90,42,32,3,5,2,0,0,0,0,1,2,4,0,0,0,0,0,0,0,0,0,0
3,2016,01,27,2016-01-27,27.6,17.5,1022.4,10.0,10.0,17.1,24.1,37.0,23.0,0.02,999.9,0,669,31,21,33,9,0,67,2,0,153,39,41,5,70,118,33,36,0,3,0,0,0,0,0,3,4,1,0,0,0,0,0,0,0,0,0,0
4,2016,01,28,2016-01-28,34.1,26.7,1006.8,10.0,13.8,18.1,27.0,39.0,23.0,0.0,999.9,0,752,44,21,46,14,0,50,3,1,164,33,46,9,70,105,103,21,3,3,0,1,2,0,0,11,0,1,1,0,0,0,0,0,0,0,0,0
5,2016,01,29,2016-01-29,28.3,14.4,1012.9,10.0,9.5,17.1,999.9,39.0,19.9,0.0,999.9,0,746,41,18,66,3,0,57,1,1,173,43,38,5,73,117,45,45,2,7,0,0,1,0,1,3,3,2,0,0,0,0,0,0,1,0,0,0
6,2016,01,30,2016-01-30,37.5,29.1,1005.3,10.0,9.7,18.1,24.1,46.0,21.9,0.0,999.9,0,743,39,21,23,11,0,51,6,3,171,20,41,6,106,162,36,32,4,3,1,0,0,0,1,1,1,3,0,0,1,0,0,0,0,0,0,0
7,2016,01,31,2016-01-31,42.2,38.5,1002.4,7.6,6.5,13.0,999.9,48.0,35.1,0.0,999.9,0,665,45,12,34,10,2,23,1,1,131,37,40,6,89,159,25,37,5,1,0,0,2,1,0,0,2,1,1,0,0,0,0,0,0,0,0,0
1,2016,02,01,2016-02-01,36.0,31.1,1014.1,9.2,5.5,12.0,999.9,48.0,30.9,0.02,999.9,0,853,68,22,52,9,1,138,1,6,160,42,47,12,74,123,47,34,7,6,0,1,0,0,0,0,0,2,0,0,0,0,1,0,0,0,0,0
2,2016,02,02,2016-02-02,34.5,31.6,1016.9,5.4,9.8,24.1,35.0,45.0,30.0,0.0,999.9,0,614,37,12,42,3,0,74,3,9,124,20,33,7,62,104,38,29,2,4,0,0,0,1,0,4,3,2,0,0,0,0,0,0,1,0,0,0
3,2016,02,03,2016-02-03,35.6,33.4,1002.0,5.6,9.9,18.1,26.0,37.4,30.9,0.79,999.9,1,682,59,13,33,9,0,58,2,2,145,31,49,7,77,109,42,30,1,6,0,0,0,0,0,5,2,2,0,0,0,0,0,0,0,0,0,0
4,2016,02,04,2016-02-04,26.7,18.0,1020.9,9.8,9.9,13.0,999.9,37.0,19.0,0.02,999.9,0,670,46,14,35,14,2,48,2,0,130,23,54,2,82,117,53,25,6,3,0,1,0,0,0,3,1,9,0,0,0,0,0,0,0,0,0,0
5,2016,02,05,2016-02-05,28.9,20.8,1026.5,9.9,6.2,12.0,999.9,34.0,21.0,0.0,999.9,0,660,49,17,44,5,0,48,1,5,149,26,36,3,73,117,48,26,4,5,0,0,0,0,1,0,2,0,1,0,0,0,0,0,0,0,0,0
6,2016,02,06,2016-02-06,30.5,23.1,1025.4,9.2,6.9,15.0,19.0,41.0,24.1,0.0,999.9,0,696,40,11,28,13,2,65,3,2,143,27,49,7,86,127,42,28,6,5,1,1,3,0,0,3,2,1,0,0,0,0,0,0,1,0,0,0
7,2016,02,07,2016-02-07,37.6,29.1,1013.2,9.9,10.5,15.9,24.1,43.0,25.0,0.0,999.9,0,617,58,14,18,6,0,27,1,2,130,22,28,8,90,140,29,33,5,2,0,0,1,0,0,0,1,1,0,0,0,0,0,1,0,0,0,0
1,2016,02,08,2016-02-08,30.9,24.9,1005.9,9.7,9.1,15.0,999.9,43.0,27.0,0.0,999.9,0,570,41,12,31,9,1,46,5,2,133,21,42,6,66,92,29,23,5,5,0,0,0,0,0,0,0,1,0,0,0,0,0,0,0,0,0,0
2,2016,02,09,2016-02-09,19.3,12.6,1010.4,6.1,12.2,17.1,22.0,32.0,15.1,0.04,1.2,0,545,45,15,19,4,1,49,0,1,130,17,37,7,49,103,34,21,4,3,1,0,1,0,0,1,1,0,1,0,0,1,0,0,0,0,0,0
3,2016,02,10,2016-02-10,13.6,3.4,1016.9,9.2,11.2,15.0,22.9,21.0,9.0,0.02,1.2,0,565,51,13,22,8,1,59,1,2,104,17,50,4,56,88,43,29,1,2,0,0,2,0,0,6,1,3,0,0,0,0,0,1,1,0,0,0
4,2016,02,11,2016-02-11,13.0,0.2,1024.8,10.0,7.2,9.9,999.9,21.0,7.0,0.0,1.2,0,582,50,15,23,5,0,48,0,1,139,26,30,6,49,106,43,28,3,1,0,0,0,0,0,5,1,1,1,0,0,1,0,0,0,0,0,0
5,2016,02,12,2016-02-12,19.1,6.3,1023.6,9.8,10.8,22.9,29.9,23.0,7.0,0.0,999.9,0,647,40,14,25,7,0,68,1,6,149,21,41,8,63,91,73,28,3,3,1,0,1,0,0,1,2,0,0,0,0,0,0,1,0,0,0,0
6,2016,02,13,2016-02-13,9.4,-7.7,1034.1,10.0,11.7,20.0,29.9,23.0,1.9,0.07,999.9,0,597,35,12,20,8,0,40,2,2,137,25,38,6,66,110,48,35,1,3,0,0,2,0,0,3,0,3,0,0,0,0,0,0,1,0,0,0
7,2016,02,14,2016-02-14,13.9,2.2,1029.3,8.1,8.3,15.9,999.9,18.0,3.0,0.0,2.0,1,514,36,18,26,7,0,27,1,3,90,26,32,2,55,125,28,27,3,3,0,0,0,0,0,1,0,4,0,0,0,0,0,0,0,0,0,0
1,2016,02,15,2016-02-15,20.7,17.9,1014.3,4.1,7.3,14.0,20.0,27.0,9.0,0.1,2.0,0,553,41,9,27,1,0,50,2,1,108,22,45,5,54,100,54,23,3,6,0,0,0,0,0,0,2,0,0,0,0,0,0,0,0,0,0,0
2,2016,02,16,2016-02-16,27.5,21.9,1010.5,8.1,3.8,8.9,999.9,33.1,18.0,0.01,1.2,0,625,32,17,24,7,0,53,1,2,149,29,52,4,64,111,36,34,4,2,0,0,0,0,0,1,0,3,0,0,0,0,0,0,0,0,0,0
3,2016,02,17,2016-02-17,28.4,20.3,1021.0,7.9,6.3,8.9,999.9,34.0,23.0,0.04,1.2,0,641,43,21,35,4,0,59,0,3,125,20,51,3,61,131,50,25,1,5,1,0,0,0,0,1,0,1,0,0,0,0,0,1,0,0,0,0
4,2016,02,18,2016-02-18,29.6,21.5,1027.3,9.9,9.5,19.0,26.0,42.1,21.0,0.0,1.2,0,681,47,14,36,5,0,43,3,2,175,29,45,6,78,113,44,27,1,3,2,0,0,1,0,4,0,1,2,0,0,0,0,0,0,0,0,0
5,2016,02,19,2016-02-19,47.5,35.3,1006.7,9.9,22.5,36.9,54.0,62.1,39.0,0.0,999.9,0,775,53,23,38,15,0,51,1,2,181,23,48,9,104,112,60,36,3,4,0,0,2,0,2,5,3,0,0,0,0,0,0,0,0,0,0,0
6,2016,02,20,2016-02-20,49.1,32.0,1009.9,10.0,14.1,28.0,38.1,62.1,41.0,0.0,999.9,0,702,39,15,27,10,1,53,0,3,126,32,50,4,85,165,47,30,3,3,0,0,0,0,0,4,2,3,0,0,0,0,0,0,0,0,0,0
7,2016,02,21,2016-02-21,39.6,31.6,1018.1,10.0,8.2,12.0,999.9,57.0,35.1,0.0,999.9,0,707,41,15,15,4,0,27,1,4,138,33,50,5,108,172,54,21,7,5,0,0,1,1,0,1,1,2,1,0,0,0,0,0,0,0,0,0
1,2016,02,22,2016-02-22,35.1,27.1,1022.1,10.0,3.4,9.9,999.9,44.1,26.1,0.0,999.9,0,639,37,16,35,7,1,49,3,1,135,26,40,5,75,129,47,25,2,3,0,0,0,0,0,0,0,3,0,0,0,0,0,0,0,0,0,0
2,2016,02,23,2016-02-23,35.6,26.1,1019.9,9.4,4.5,9.9,999.9,45.0,26.1,0.0,999.9,0,630,49,22,36,8,0,50,2,1,143,19,36,5,54,128,33,29,6,5,0,1,0,0,1,0,1,0,0,0,0,1,0,0,0,0,0,0
3,2016,02,24,2016-02-24,34.8,27.3,1010.9,7.5,16.6,25.1,34.0,45.0,26.2,0.0,2.0,1,578,50,12,30,5,0,43,0,4,129,21,42,11,58,107,35,23,1,3,0,0,0,0,0,0,1,3,0,0,0,0,0,0,0,0,0,0
4,2016,02,25,2016-02-25,33.4,23.9,1010.9,8.8,16.4,24.1,33.0,37.0,30.2,0.15,1.2,0,699,50,20,23,8,0,58,1,1,145,13,52,8,66,110,95,36,1,2,0,0,1,0,0,5,2,0,1,1,0,0,0,0,0,0,0,0
5,2016,02,26,2016-02-26,31.1,16.4,1023.0,10.0,9.4,18.1,27.0,37.0,24.1,0.0,999.9,0,740,47,17,28,9,0,66,3,3,162,30,44,7,76,151,45,31,4,4,0,0,1,0,0,10,1,1,0,0,0,0,0,0,0,0,0,0
6,2016,02,27,2016-02-27,36.7,24.3,1016.4,9.9,10.7,15.9,27.0,54.0,26.1,0.0,999.9,0,692,37,16,18,7,0,56,1,1,154,24,37,8,97,143,41,33,6,4,0,1,2,0,0,3,0,1,0,0,0,1,0,1,0,0,0,0
7,2016,02,28,2016-02-28,51.7,36.0,1002.8,10.0,16.9,20.0,33.0,61.0,46.0,0.0,999.9,0,624,41,9,21,8,0,32,0,3,122,23,33,7,86,154,33,37,4,5,1,0,0,0,0,4,1,0,0,0,0,0,0,0,0,0,0,0
1,2016,02,29,2016-02-29,40.8,30.6,1009.8,10.0,14.1,22.0,32.1,62.1,32.0,0.08,999.9,0,646,55,10,31,9,0,45,3,3,151,14,50,6,75,119,32,29,5,6,0,1,0,0,0,0,1,0,1,0,0,0,0,0,0,0,0,0
2,2016,03,01,2016-03-01,28.3,23.2,1013.2,8.2,15.1,22.9,29.9,33.1,21.0,0.04,1.2,1,817,79,17,29,5,1,140,1,6,168,24,53,19,65,99,52,31,13,5,1,0,3,1,0,2,0,2,0,0,0,0,1,0,0,0,0,0
3,2016,03,02,2016-03-02,20.6,6.8,1020.3,10.0,7.6,15.9,999.9,32.0,10.9,0.06,1.2,0,610,46,19,33,9,1,40,3,1,138,19,44,6,47,106,59,25,2,6,0,1,0,0,0,1,0,3,0,0,0,0,0,1,0,0,0,0
4,2016,03,03,2016-03-03,30.1,24.1,1019.0,6.1,6.7,9.9,999.9,33.8,27.0,0.05,1.2,0,617,42,15,37,8,0,58,1,1,140,22,48,2,62,91,58,21,3,4,0,0,1,0,1,0,1,0,1,0,0,0,0,0,0,0,0,0
5,2016,03,04,2016-03-04,30.1,19.1,1021.7,9.7,6.0,12.0,999.9,39.0,19.9,0.02,1.2,0,704,45,17,40,7,0,50,3,2,144,23,52,10,93,107,69,29,3,3,1,1,0,0,0,1,1,2,1,0,0,0,0,0,0,0,0,0
6,2016,03,05,2016-03-05,33.5,28.4,1019.3,6.5,8.2,14.0,999.9,39.0,19.9,0.07,1.2,0,700,45,22,34,10,0,41,1,1,163,25,51,8,84,134,36,31,7,3,1,0,1,1,0,1,0,0,0,0,0,0,0,0,0,0,0,0
7,2016,03,06,2016-03-06,38.8,29.1,1022.2,9.2,9.2,18.1,24.1,52.0,29.1,0.0,1.2,0,714,56,17,21,5,2,42,7,1,141,25,44,6,103,142,53,37,4,3,1,1,2,0,0,0,0,0,1,0,0,0,0,0,0,0,0,0
1,2016,03,07,2016-03-07,51.3,39.9,1012.2,10.0,13.0,18.1,22.0,63.0,34.0,0.0,999.9,0,795,51,18,40,9,1,74,4,2,165,26,67,3,94,132,66,30,5,4,0,0,0,0,1,1,0,1,0,0,0,0,0,1,0,0,0,0
2,2016,03,08,2016-03-08,61.8,49.6,1011.3,10.0,13.3,22.0,28.9,70.0,46.0,0.03,999.9,0,723,63,12,28,14,0,40,3,3,159,34,49,3,102,151,30,11,2,11,0,0,0,0,2,2,3,1,0,0,0,0,0,0,0,0,0,0
3,2016,03,09,2016-03-09,61.1,55.1,1010.8,9.2,10.6,21.0,28.0,70.0,57.0,0.17,999.9,0,679,56,12,27,16,0,50,2,1,125,23,73,8,65,145,55,8,3,7,0,0,0,0,0,0,0,3,0,0,0,0,0,0,0,0,0,0
4,2016,03,10,2016-03-10,49.0,40.9,1017.3,10.0,6.7,12.0,999.9,63.0,45.0,0.01,999.9,0,716,56,20,31,4,0,52,0,3,149,23,51,4,105,116,61,28,2,6,0,0,0,0,0,0,2,2,1,0,0,0,0,0,0,0,0,0
5,2016,03,11,2016-03-11,42.7,34.4,1026.1,9.9,4.8,8.9,999.9,55.0,34.0,0.0,999.9,0,733,52,24,30,10,0,50,5,5,165,20,50,11,77,136,59,23,4,4,0,0,0,0,1,1,2,3,0,0,0,0,0,1,0,0,0,0
6,2016,03,12,2016-03-12,43.3,36.6,1022.3,7.8,3.7,8.9,999.9,59.0,33.1,0.0,999.9,0,746,57,13,23,14,0,33,1,2,166,27,58,2,99,172,30,30,6,4,0,1,4,0,0,0,2,1,0,0,0,1,0,0,0,0,0,0
7,2016,03,13,2016-03-13,46.8,42.8,1012.3,6.4,8.0,15.0,20.0,59.0,33.1,0.33,999.9,0,628,35,13,31,9,1,38,2,4,136,18,44,10,78,146,33,18,4,0,1,0,2,0,0,2,2,1,0,0,0,0,0,0,0,0,0,0
1,2016,03,14,2016-03-14,46.9,44.1,1005.3,6.0,4.4,8.9,999.9,54.0,42.8,0.6,999.9,0,684,46,17,43,9,1,64,2,3,141,22,49,10,75,125,42,23,3,3,1,0,0,0,0,0,3,1,1,0,0,0,0,0,0,0,0,0
2,2016,03,15,2016-03-15,49.5,45.2,1006.4,7.0,7.6,13.0,999.9,57.9,43.0,0.01,999.9,0,713,51,16,33,11,1,57,1,3,157,30,59,8,73,129,47,14,5,7,0,0,0,0,1,4,1,4,0,0,0,0,0,1,0,0,0,0
3,2016,03,16,2016-03-16,52.6,42.1,999.8,9.4,19.9,28.9,45.1,57.9,46.0,0.15,999.9,0,745,51,15,38,13,0,60,3,2,143,28,59,8,84,150,47,22,3,8,0,0,1,1,1,3,4,1,0,0,0,0,0,0,0,0,0,0
4,2016,03,17,2016-03-17,47.4,29.3,1009.4,10.0,15.0,24.1,46.0,55.9,39.9,0.03,999.9,0,738,49,15,32,13,0,51,2,2,171,23,49,9,90,141,42,31,5,3,1,1,0,0,0,7,0,1,0,0,0,0,0,0,0,0,0,0
5,2016,03,18,2016-03-18,41.3,27.6,1016.2,10.0,8.3,12.0,19.0,55.9,32.0,0.0,999.9,0,791,44,19,36,8,1,59,6,0,161,29,47,12,102,148,65,27,5,8,1,1,4,1,1,0,2,3,1,0,0,0,0,0,0,0,0,0
6,2016,03,19,2016-03-19,38.5,30.4,1021.1,10.0,7.3,11.1,999.9,48.9,33.1,0.0,999.9,0,699,33,24,32,8,1,47,2,1,147,22,42,5,89,141,44,33,5,4,2,0,1,0,1,14,1,0,0,0,0,0,0,0,0,0,0,0
7,2016,03,20,2016-03-20,36.8,25.7,1022.3,10.0,8.4,14.0,22.0,46.0,30.0,0.0,999.9,0,685,51,16,22,10,2,36,2,1,136,26,50,4,93,157,38,27,6,2,0,0,0,0,0,3,1,2,0,0,0,0,0,0,0,0,0,0
1,2016,03,21,2016-03-21,38.4,23.6,1020.9,10.0,5.7,12.0,999.9,48.9,28.0,0.0,999.9,0,699,66,16,40,7,0,60,5,3,126,24,63,5,76,127,41,28,1,4,0,0,1,0,1,0,3,1,0,0,0,0,0,1,0,0,0,0
2,2016,03,22,2016-03-22,47.8,31.3,1010.0,10.0,10.2,18.1,26.0,63.0,37.0,0.0,999.9,0,722,48,9,35,16,1,43,5,3,148,20,62,11,80,156,42,24,4,6,0,0,0,0,0,6,1,2,0,0,0,0,0,0,0,0,0,0
3,2016,03,23,2016-03-23,41.6,35.3,1009.4,8.2,11.5,17.1,24.1,57.9,37.4,0.0,999.9,0,686,58,18,40,5,1,48,2,1,155,30,55,6,61,129,35,30,4,1,0,0,0,0,0,0,2,3,1,0,0,1,0,0,0,0,0,0
4,2016,03,24,2016-03-24,37.1,35.9,1003.2,4.2,11.7,19.0,25.1,42.1,33.1,0.24,999.9,0,677,54,13,37,3,0,48,4,2,130,32,39,7,80,140,42,36,2,3,0,1,2,0,1,0,1,0,0,0,0,0,0,0,0,0,0,0
5,2016,03,25,2016-03-25,34.5,26.5,1015.5,10.0,8.2,20.0,24.1,48.0,28.0,0.96,999.9,0,717,56,18,33,12,0,46,1,4,169,21,45,9,90,126,43,30,2,5,0,1,1,0,1,2,0,0,1,0,0,0,0,1,0,0,0,0
6,2016,03,26,2016-03-26,40.1,31.9,1020.6,9.7,6.7,13.0,15.9,54.0,29.1,0.0,999.9,0,735,41,10,37,16,0,46,3,1,148,24,52,6,102,161,44,26,2,5,1,0,4,0,0,3,2,1,0,0,0,0,0,0,0,0,0,0
7,2016,03,27,2016-03-27,46.9,37.8,1015.2,9.3,6.8,15.0,999.9,63.0,31.1,0.0,999.9,0,631,44,12,30,3,0,17,3,0,126,25,46,13,86,155,31,22,8,6,0,0,0,0,0,3,1,0,0,0,0,0,0,0,0,0,0,0
1,2016,03,28,2016-03-28,45.1,36.9,1015.7,9.9,10.8,15.0,21.0,63.0,36.0,0.32,999.9,0,741,54,17,48,6,0,54,3,3,151,28,57,6,78,151,52,23,2,6,0,0,0,0,1,0,1,0,0,0,0,0,0,0,0,0,0,0
2,2016,03,29,2016-03-29,43.7,31.2,1024.7,9.7,5.1,12.0,19.0,57.9,30.9,0.0,999.9,0,739,56,18,39,9,1,50,3,1,150,31,56,3,75,140,64,25,7,5,0,0,0,0,1,0,4,1,0,0,0,0,0,0,0,0,0,0
3,2016,03,30,2016-03-30,48.9,35.0,1014.3,10.0,11.3,21.0,32.1,62.1,31.1,0.0,999.9,0,716,48,14,32,8,0,40,3,2,179,28,69,7,71,140,51,15,0,3,0,1,0,0,0,0,1,3,1,0,0,0,0,0,0,0,0,0
4,2016,03,31,2016-03-31,59.8,54.5,996.4,9.1,16.3,27.0,38.1,66.9,42.1,0.16,999.9,0,754,46,14,37,12,0,55,2,3,164,33,58,5,59,185,45,23,4,2,0,1,0,0,0,2,0,3,0,0,0,0,0,1,0,0,0,0
5,2016,04,01,2016-04-01,44.9,37.0,1005.1,9.9,8.3,20.0,28.9,66.9,39.9,0.36,999.9,0,827,76,13,33,3,2,116,4,6,179,28,57,16,77,124,44,18,12,5,1,1,1,0,0,6,2,1,2,0,0,0,0,0,0,0,0,0
6,2016,04,02,2016-04-02,35.2,25.1,1007.7,8.0,15.8,33.0,47.0,42.1,30.2,0.08,999.9,1,651,40,18,24,10,0,52,4,2,146,27,39,9,76,126,45,19,2,5,1,1,1,0,0,4,0,0,0,0,0,0,0,0,0,0,0,0
7,2016,04,03,2016-04-03,40.1,21.6,1012.5,10.0,13.4,26.0,36.9,9999.9,27.0,0.02,999.9,0,706,45,15,15,12,0,50,2,2,170,24,48,7,64,165,41,29,2,6,0,1,0,0,0,6,1,1,0,0,0,0,0,0,0,0,0,0
1,2016,04,04,2016-04-04,40.6,28.5,1013.4,9.6,14.1,22.9,35.9,9999.9,30.2,0.0,999.9,0,660,50,17,38,7,0,67,2,2,152,22,40,8,72,109,40,26,3,1,1,0,0,0,1,0,1,1,0,0,0,0,0,0,0,0,0,0
2,2016,04,05,2016-04-05,33.5,18.2,1029.5,10.0,7.5,15.9,22.0,45.0,24.1,0.0,999.9,0,677,55,18,35,13,0,56,4,0,147,23,44,8,77,111,60,13,3,5,0,0,0,0,0,1,2,1,0,0,0,0,0,1,0,0,0,0
3,2016,04,06,2016-04-06,44.5,37.6,1008.9,8.2,10.2,15.9,21.0,48.9,41.0,0.12,999.9,0,660,46,20,24,11,2,36,3,3,148,19,49,8,68,135,62,15,3,2,0,0,0,0,0,2,1,3,0,0,0,0,0,0,0,0,0,0
4,2016,04,07,2016-04-07,40.0,33.8,1004.4,9.1,12.5,18.1,24.1,50.0,33.1,0.21,999.9,0,742,52,18,34,10,1,46,3,0,151,26,51,7,75,130,92,31,2,5,0,0,1,0,0,4,1,2,0,0,0,0,0,0,0,0,0,0
5,2016,04,08,2016-04-08,36.9,27.7,1010.2,7.8,11.0,22.9,34.0,41.0,32.0,0.06,999.9,0,626,41,17,25,4,1,42,4,2,150,23,36,8,81,96,40,34,4,6,0,0,3,0,1,4,2,2,0,0,0,0,0,0,0,0,0,0
6,2016,04,09,2016-04-09,30.0,15.1,1021.1,9.6,11.8,22.0,33.0,41.0,21.9,0.1,1.2,1,689,45,18,19,6,1,56,0,4,160,22,48,8,78,124,44,29,8,5,2,0,4,0,0,5,1,2,0,0,0,0,0,0,0,0,0,0
7,2016,04,10,2016-04-10,37.1,27.1,1016.4,8.9,14.3,20.0,27.0,46.9,21.9,0.03,999.9,0,704,56,16,21,7,2,52,7,4,145,30,35,11,93,147,39,23,5,5,0,0,1,0,1,0,2,2,0,0,0,0,0,0,0,0,0,0
1,2016,04,11,2016-04-11,47.7,38.8,1011.0,7.5,10.3,19.0,26.0,51.1,33.1,0.07,999.9,0,676,47,16,35,8,0,73,1,2,136,33,55,3,82,109,33,27,3,6,0,1,0,0,2,0,1,2,1,0,0,0,0,0,0,0,0,0
2,2016,04,12,2016-04-12,39.7,21.5,1024.7,10.0,8.0,15.0,15.9,51.1,30.0,0.0,999.9,0,701,43,15,36,11,0,68,3,3,156,26,54,6,71,112,57,23,1,7,0,0,1,0,0,4,1,1,2,0,0,0,0,0,0,0,0,0
3,2016,04,13,2016-04-13,42.7,26.8,1027.0,10.0,6.9,12.0,999.9,55.9,30.2,0.0,999.9,0,715,41,14,33,14,0,63,1,0,123,26,68,6,77,140,50,36,3,4,0,0,1,0,3,6,4,1,1,0,0,0,0,0,0,0,0,0
4,2016,04,14,2016-04-14,47.7,29.0,1024.7,10.0,6.7,11.1,999.9,61.0,34.0,0.0,999.9,0,691,34,18,39,11,0,50,6,2,151,18,56,7,92,121,51,18,3,4,0,1,2,0,3,2,1,0,1,0,0,0,0,0,0,0,0,0
5,2016,04,15,2016-04-15,53.5,31.7,1023.0,10.0,6.7,9.9,999.9,68.0,37.0,0.0,999.9,0,811,52,18,36,10,1,63,4,3,199,23,52,5,79,122,84,40,3,6,0,0,1,1,4,1,1,3,0,0,0,0,0,0,0,0,0,0
6,2016,04,16,2016-04-16,57.6,38.4,1024.7,9.9,6.0,12.0,999.9,75.9,41.0,0.0,999.9,0,734,51,17,32,21,0,30,6,2,155,25,57,10,81,173,37,26,2,4,0,0,0,0,1,1,2,1,0,0,0,0,0,0,0,0,0,0
7,2016,04,17,2016-04-17,62.5,39.5,1027.5,10.0,5.0,13.0,999.9,79.0,41.0,0.0,999.9,0,708,46,15,27,11,1,34,1,1,138,25,38,5,96,182,38,32,4,5,0,0,0,0,1,6,1,1,0,0,0,0,0,0,0,0,0,0
1,2016,04,18,2016-04-18,65.7,39.7,1025.6,10.0,3.3,11.1,999.9,82.9,45.0,0.0,999.9,0,738,35,26,29,13,0,59,3,0,169,32,51,9,87,134,36,31,5,12,1,0,0,0,1,2,3,0,0,0,0,0,0,0,0,0,0,0
2,2016,04,19,2016-04-19,54.0,40.6,1023.1,10.0,9.2,14.0,17.1,82.9,46.0,0.0,999.9,0,703,28,17,28,10,0,54,2,0,171,16,51,3,82,149,47,27,2,4,1,0,0,1,1,3,4,2,0,0,0,0,0,0,0,0,0,0
3,2016,04,20,2016-04-20,58.1,41.6,1019.1,10.0,9.0,13.0,17.1,71.1,46.0,0.0,999.9,0,690,41,22,36,14,1,50,1,1,150,28,42,7,82,121,49,25,4,7,0,0,2,0,0,5,1,1,0,0,0,0,0,0,0,0,0,0
4,2016,04,21,2016-04-21,61.6,52.8,1010.3,7.0,6.7,20.0,28.9,71.1,55.9,0.49,999.9,0,714,54,25,30,14,0,56,1,2,155,19,60,5,78,125,48,21,4,4,0,0,0,0,3,9,1,0,0,0,0,0,0,0,0,0,0,0
5,2016,04,22,2016-04-22,51.2,44.0,1013.8,8.9,9.5,20.0,22.0,70.0,44.1,0.01,999.9,0,731,51,15,39,13,2,47,2,2,164,26,39,12,83,137,55,29,1,2,0,2,0,0,0,6,2,2,0,0,0,0,0,0,0,0,0,0
6,2016,04,23,2016-04-23,47.6,37.8,1021.4,10.0,7.2,13.0,17.1,60.1,37.9,0.0,999.9,0,694,54,13,30,12,1,38,3,5,135,20,51,5,95,154,33,17,6,6,1,0,4,0,0,7,1,2,0,0,0,1,0,0,0,0,0,0
7,2016,04,24,2016-04-24,56.2,42.6,1015.5,10.0,6.9,12.0,17.1,78.1,37.9,0.0,999.9,0,756,45,11,24,12,1,36,4,3,151,24,65,7,93,174,58,21,6,6,1,0,0,0,1,6,3,3,0,0,0,0,1,0,0,0,0,0
1,2016,04,25,2016-04-25,69.0,52.0,1006.7,10.0,10.7,15.9,29.9,81.0,57.9,0.0,999.9,0,758,58,20,39,5,1,47,2,3,162,30,65,4,86,155,42,25,7,3,1,0,0,0,0,0,1,2,0,0,0,0,0,0,0,0,0,0
2,2016,04,26,2016-04-26,53.4,46.0,1008.1,7.3,11.1,17.1,22.9,82.9,42.1,0.08,999.9,0,693,48,17,41,11,1,54,5,1,138,30,47,10,69,125,51,27,4,3,0,0,1,0,0,5,2,2,0,0,0,0,0,1,0,0,0,0
3,2016,04,27,2016-04-27,44.0,38.4,1013.2,9.0,12.6,17.1,22.9,46.9,41.0,0.0,999.9,0,661,58,18,36,3,0,38,3,2,132,40,54,6,63,128,44,23,3,3,0,0,0,1,0,5,0,0,1,0,0,0,0,0,0,0,0,0
4,2016,04,28,2016-04-28,44.9,40.7,1011.8,8.5,10.1,15.9,24.1,50.0,41.0,0.91,999.9,0,732,52,21,47,3,0,56,4,5,157,29,50,5,78,137,45,27,3,4,0,0,0,0,0,6,2,0,1,0,0,0,0,0,0,0,0,0
5,2016,04,29,2016-04-29,44.3,39.9,1018.1,6.9,7.6,12.0,19.0,51.1,41.0,0.02,999.9,0,719,41,6,34,2,1,44,4,2,160,32,63,7,86,140,57,22,7,4,1,0,1,0,0,4,1,0,0,0,0,0,0,0,0,0,0,0
6,2016,04,30,2016-04-30,44.8,39.9,1017.8,7.1,10.3,20.0,26.0,51.1,42.1,0.01,999.9,0,605,37,11,27,3,0,38,2,3,145,25,43,2,71,125,37,22,2,3,0,0,2,0,0,3,1,2,0,0,0,1,0,0,0,0,0,0
7,2016,05,01,2016-05-01,45.2,43.6,1015.0,3.5,11.8,15.0,24.1,48.9,42.1,0.63,999.9,0,820,67,15,28,4,0,106,3,6,162,39,58,18,79,148,26,38,11,5,3,1,0,0,0,0,1,0,1,0,0,0,0,1,0,0,0,0
1,2016,05,02,2016-05-02,49.3,38.7,1017.0,9.4,10.7,15.0,21.0,59.0,42.1,0.49,999.9,0,757,57,17,34,10,0,58,6,0,176,32,53,5,73,135,45,33,4,11,1,0,0,1,0,0,1,5,0,0,0,0,0,0,0,0,0,0
2,2016,05,03,2016-05-03,52.8,36.0,1014.0,10.0,6.1,14.0,19.0,66.9,39.9,0.0,999.9,0,735,60,11,33,19,0,54,4,5,155,36,61,8,64,133,45,24,4,8,0,0,2,0,1,6,0,2,0,0,0,0,0,0,0,0,0,0
3,2016,05,04,2016-05-04,52.3,40.3,1007.4,9.5,11.1,21.0,28.0,66.9,39.9,0.4,999.9,0,682,48,21,24,12,1,41,3,2,125,34,55,7,82,132,55,21,5,5,1,0,0,0,1,3,1,3,0,0,0,0,0,0,0,0,0,0
4,2016,05,05,2016-05-05,48.8,36.7,1014.0,10.0,11.4,19.0,28.0,61.0,41.0,0.0,999.9,0,701,49,19,34,6,2,53,3,4,175,22,50,10,73,112,51,25,2,5,0,2,0,0,0,4,0,0,0,0,0,0,0,0,0,0,0,0
5,2016,05,06,2016-05-06,59.2,41.2,1013.8,10.0,5.2,11.1,18.1,82.0,41.0,0.0,999.9,0,794,47,18,30,7,2,63,0,4,179,34,57,10,100,160,42,30,4,3,0,0,1,0,0,0,1,2,0,0,0,0,0,0,0,0,0,0
6,2016,05,07,2016-05-07,64.6,42.6,1007.9,9.9,12.3,22.9,32.1,82.0,42.1,0.01,999.9,0,742,27,20,32,8,0,55,1,2,167,35,50,5,105,172,14,30,9,2,0,0,2,0,0,0,2,4,0,0,0,0,0,0,0,0,0,0
7,2016,05,08,2016-05-08,55.0,31.3,1012.7,10.0,4.1,11.1,999.9,71.1,41.0,0.01,999.9,0,729,41,19,22,15,2,42,9,2,125,33,54,8,92,195,32,25,4,3,1,0,0,0,0,0,0,4,1,0,0,0,0,0,0,0,0,0
1,2016,05,09,2016-05-09,55.9,43.4,1014.2,10.0,10.1,19.0,25.1,71.1,41.0,0.0,999.9,0,732,47,19,44,10,0,56,5,3,146,25,51,8,84,155,43,23,2,4,0,0,0,1,0,0,1,4,0,0,0,0,0,1,0,0,0,0
2,2016,05,10,2016-05-10,54.2,52.9,1011.9,2.9,9.5,15.9,22.0,63.0,50.0,0.88,999.9,0,713,54,17,45,14,0,52,1,2,136,23,59,8,86,132,41,29,1,7,0,0,0,0,0,0,2,3,1,0,0,0,0,0,0,0,0,0
3,2016,05,11,2016-05-11,58.2,55.3,1015.2,3.7,5.7,8.9,999.9,69.1,51.1,0.5,999.9,1,758,42,19,43,7,0,57,1,3,174,33,79,7,79,117,44,29,3,7,0,0,0,0,2,7,1,3,1,0,0,0,0,0,0,0,0,0
4,2016,05,12,2016-05-12,61.2,56.3,1013.3,6.0,7.7,17.1,25.1,70.0,51.1,0.67,999.9,0,690,37,19,39,11,1,45,3,1,161,23,44,7,66,149,49,22,1,6,0,0,0,0,1,1,1,2,0,1,0,0,0,0,0,0,0,0
5,2016,05,13,2016-05-13,57.6,44.5,1014.6,9.8,10.1,15.0,21.0,70.0,48.0,0.48,999.9,0,808,53,28,40,13,0,58,2,1,186,26,60,8,93,144,47,30,5,5,1,0,0,0,2,4,0,1,0,1,0,0,0,0,0,0,0,0
6,2016,05,14,2016-05-14,46.3,37.0,1014.4,9.1,12.0,19.0,32.1,66.0,41.0,0.68,999.9,0,723,62,15,36,10,1,36,1,2,161,28,51,4,90,134,50,21,3,4,0,0,1,0,0,3,6,4,0,0,0,0,0,0,0,0,0,0
7,2016,05,15,2016-05-15,45.0,28.4,1019.0,10.0,8.5,15.9,25.1,55.0,35.1,0.0,999.9,0,739,54,21,28,13,0,30,3,2,158,29,53,4,96,175,40,20,4,2,0,1,0,0,1,0,1,4,0,0,0,0,0,0,0,0,0,0
1,2016,05,16,2016-05-16,55.7,34.6,1019.3,10.0,10.7,15.9,24.1,70.0,35.1,0.0,999.9,0,782,58,19,32,13,0,59,0,2,166,42,65,10,85,141,52,15,7,5,1,0,0,0,1,0,5,4,0,0,0,0,0,0,0,0,0,0
2,2016,05,17,2016-05-17,54.3,41.7,1021.8,10.0,9.4,14.0,20.0,70.0,46.0,0.0,999.9,0,692,60,18,41,10,2,45,0,3,144,30,48,11,71,118,45,24,4,10,0,0,0,0,0,4,3,1,0,0,0,0,0,0,0,0,0,0
3,2016,05,18,2016-05-18,52.0,36.4,1023.6,10.0,7.1,13.0,999.9,64.9,41.0,0.0,999.9,0,801,42,27,53,11,0,43,3,1,176,31,61,3,105,152,46,25,2,8,0,1,0,0,0,6,2,2,1,0,0,0,0,0,0,0,0,0
4,2016,05,19,2016-05-19,55.2,35.1,1022.8,10.0,3.9,9.9,14.0,69.1,39.0,0.0,999.9,0,764,52,13,39,15,0,40,2,1,158,27,52,4,94,136,84,28,4,4,0,0,0,0,1,7,1,1,1,0,0,0,0,0,0,0,0,0
5,2016,05,20,2016-05-20,58.5,37.3,1021.1,10.0,5.6,11.1,999.9,69.1,39.0,0.0,999.9,0,805,51,22,39,15,1,52,3,2,169,30,55,5,116,142,55,30,4,5,0,0,0,0,0,1,3,3,1,0,0,0,0,1,0,0,0,0
6,2016,05,21,2016-05-21,62.5,35.9,1019.2,10.0,8.3,14.0,22.0,75.0,44.1,0.0,999.9,0,792,49,20,47,11,0,43,5,3,166,33,47,7,117,169,37,17,4,4,1,0,1,0,0,5,3,3,0,0,0,0,0,0,0,0,0,0
7,2016,05,22,2016-05-22,66.2,41.2,1018.0,10.0,6.4,11.1,999.9,77.0,53.1,0.0,999.9,0,750,43,17,28,10,0,22,7,1,172,31,56,8,81,182,48,28,5,3,0,1,2,0,1,1,2,1,0,0,0,0,0,0,0,0,0,0
1,2016,05,23,2016-05-23,66.1,43.9,1015.7,10.0,5.7,14.0,999.9,81.0,48.0,0.0,999.9,0,782,60,18,41,16,0,56,4,3,175,38,74,7,74,131,45,23,6,3,1,0,1,0,3,0,1,0,2,0,0,0,0,0,0,0,0,0
2,2016,05,24,2016-05-24,71.9,46.9,1013.8,10.0,9.3,17.1,24.1,86.0,48.0,0.0,999.9,0,803,41,24,43,10,0,53,3,0,169,27,77,4,97,155,46,29,4,10,0,0,0,1,1,5,2,1,1,0,0,0,0,0,0,0,0,0
3,2016,05,25,2016-05-25,75.9,59.7,1014.2,9.7,8.2,22.9,34.0,86.0,60.1,0.0,999.9,0,721,51,18,38,10,0,49,3,7,149,18,55,5,79,165,34,27,7,3,0,1,1,0,0,0,1,0,0,0,0,0,0,0,0,0,0,0
4,2016,05,26,2016-05-26,71.1,64.1,1012.0,8.9,8.2,12.0,19.0,86.0,62.1,0.95,999.9,0,767,65,15,33,6,0,39,1,3,173,24,58,6,78,171,43,34,5,4,1,0,2,0,1,1,2,2,0,0,0,0,0,0,0,0,0,0
5,2016,05,27,2016-05-27,74.2,64.9,1010.9,9.5,8.1,17.1,28.0,82.9,62.1,0.0,999.9,0,800,59,23,37,9,1,35,1,6,187,30,54,11,88,148,50,35,7,9,1,0,1,0,0,2,1,4,1,0,0,0,0,0,0,0,0,0
6,2016,05,28,2016-05-28,73.0,64.9,1011.1,10.0,12.8,22.0,33.0,81.0,66.0,0.13,999.9,0,791,46,15,22,13,0,30,3,4,189,34,54,6,99,169,48,31,6,4,1,0,0,0,2,8,3,3,0,1,0,0,0,0,0,0,0,0
7,2016,05,29,2016-05-29,71.8,61.1,1014.3,9.8,11.6,19.0,24.1,81.0,63.0,0.13,999.9,0,798,46,24,36,15,0,26,8,4,144,35,54,5,109,209,46,25,2,4,0,0,0,0,1,1,3,0,0,0,0,1,0,0,0,0,0,0
1,2016,05,30,2016-05-30,74.5,57.5,1015.3,10.0,5.6,11.1,999.9,87.1,63.0,0.0,999.9,0,820,50,12,30,13,1,28,2,1,169,39,76,9,101,201,44,26,5,6,0,0,2,0,1,1,1,2,0,0,0,0,0,0,0,0,0,0
2,2016,05,31,2016-05-31,72.6,56.4,1014.7,9.2,7.7,22.9,33.0,87.1,63.0,0.0,999.9,0,756,64,22,35,6,0,50,0,1,155,40,68,4,77,133,54,26,5,5,1,0,1,1,1,0,4,1,1,0,0,0,1,0,0,0,0,0
3,2016,06,01,2016-06-01,68.1,62.4,1013.5,8.2,5.6,9.9,999.9,82.9,63.0,0.82,999.9,0,938,74,21,31,14,0,130,6,16,183,35,71,24,88,131,46,35,13,7,0,2,1,0,1,2,1,4,2,0,0,0,0,0,0,0,0,0
4,2016,06,02,2016-06-02,70.1,54.0,1015.2,10.0,5.9,8.9,20.0,79.0,57.0,0.16,999.9,0,800,51,21,30,11,3,52,4,5,178,31,60,7,91,165,44,28,4,9,0,0,2,0,0,0,2,1,0,0,0,1,0,0,0,0,0,0
5,2016,06,03,2016-06-03,70.1,53.3,1016.9,10.0,3.1,8.9,999.9,84.0,55.0,0.0,999.9,0,822,64,21,40,13,0,46,4,3,177,24,64,8,75,173,58,30,6,5,1,0,3,1,1,2,0,3,0,0,0,0,0,0,0,0,0,0
6,2016,06,04,2016-06-04,68.8,58.4,1011.7,9.3,6.9,12.0,999.9,84.0,55.0,0.0,999.9,0,827,45,18,28,12,0,102,3,2,162,23,60,5,92,193,40,20,8,5,0,0,0,0,2,0,1,5,0,0,0,1,0,0,0,0,0,0
7,2016,06,05,2016-06-05,68.2,58.3,1004.5,9.9,9.8,18.1,27.0,79.0,61.0,0.43,999.9,0,777,38,15,26,12,0,69,2,1,170,37,66,9,79,164,42,34,4,4,0,0,0,0,1,0,1,3,0,0,0,0,0,0,0,0,0,0
1,2016,06,06,2016-06-06,71.2,54.2,1004.2,10.0,10.3,19.0,28.9,82.0,59.0,0.03,999.9,0,792,58,15,29,13,1,74,2,4,169,29,58,5,88,159,43,33,3,3,1,0,2,0,0,0,1,2,0,0,0,0,0,0,0,0,0,0
2,2016,06,07,2016-06-07,63.3,47.9,1008.6,10.0,10.3,14.0,19.0,82.0,55.9,0.0,999.9,0,754,37,19,35,17,0,77,1,1,150,35,72,6,87,127,49,27,2,4,3,0,2,0,0,2,1,0,0,0,0,0,0,0,0,0,0,0
3,2016,06,08,2016-06-08,60.7,47.3,1014.4,10.0,6.0,9.9,999.9,70.0,51.1,0.0,999.9,0,744,42,26,34,17,2,52,5,0,175,38,69,2,79,111,50,25,3,6,0,0,1,0,0,4,1,2,0,0,0,0,0,0,0,0,0,0
4,2016,06,09,2016-06-09,61.0,50.9,1015.8,9.8,6.1,8.9,999.9,72.0,52.0,0.0,999.9,0,727,51,11,35,16,1,78,5,6,148,17,48,7,77,141,39,32,5,5,0,0,0,0,1,3,0,1,0,0,0,0,0,0,0,0,0,0
5,2016,06,10,2016-06-10,73.8,63.2,1013.6,9.5,7.5,17.1,24.1,90.0,53.1,0.31,999.9,1,765,41,19,43,10,0,53,3,2,195,18,61,13,90,135,44,30,3,1,0,0,0,0,0,0,1,2,0,0,0,0,0,1,0,0,0,0
6,2016,06,11,2016-06-11,82.4,63.1,1012.9,10.0,8.1,12.0,17.1,91.0,63.0,0.1,999.9,0,816,48,8,24,11,0,48,3,2,195,25,46,6,114,198,43,22,3,12,1,1,0,0,1,1,0,4,0,0,0,0,0,0,0,0,0,0
7,2016,06,12,2016-06-12,71.4,49.1,1018.3,10.0,10.5,15.9,25.1,91.0,62.1,0.0,999.9,0,852,53,26,34,15,0,21,5,4,196,27,61,5,104,191,54,34,7,1,0,0,3,0,2,2,2,4,0,0,0,0,0,1,0,0,0,0
1,2016,06,13,2016-06-13,67.9,47.8,1017.0,10.0,5.7,15.0,999.9,86.0,54.0,0.0,999.9,0,794,48,20,32,8,0,75,4,2,177,25,50,7,86,173,33,39,5,7,0,0,0,0,1,0,0,1,0,0,0,1,0,0,0,0,0,0
2,2016,06,14,2016-06-14,74.1,58.5,1011.1,10.0,6.7,14.0,999.9,87.1,54.0,0.02,999.9,0,835,61,23,41,10,2,74,1,0,170,29,63,5,78,173,48,32,2,7,0,0,1,0,1,8,1,4,1,0,0,0,0,0,0,0,0,0
3,2016,06,15,2016-06-15,78.4,68.2,1006.9,10.0,8.8,19.0,28.0,90.0,64.0,0.3,999.9,0,790,51,19,30,12,1,60,2,1,168,44,65,10,86,149,49,19,4,9,1,0,1,0,2,5,1,1,0,0,0,0,0,0,0,0,0,0
4,2016,06,16,2016-06-16,74.4,62.5,1007.8,10.0,10.0,17.1,25.1,90.0,66.0,0.0,999.9,0,821,65,15,43,14,0,45,3,4,195,29,68,8,85,146,37,32,5,7,0,0,0,1,0,6,4,7,1,1,0,0,0,0,0,0,0,0
5,2016,06,17,2016-06-17,70.8,54.8,1016.3,10.0,8.1,12.0,15.9,84.9,61.0,0.0,999.9,0,830,55,19,44,12,3,58,1,4,183,26,65,14,91,161,41,31,9,6,0,0,0,0,1,1,1,2,2,0,0,0,0,0,0,0,0,0
6,2016,06,18,2016-06-18,74.3,51.2,1021.3,10.0,5.2,13.0,14.0,87.1,57.9,0.0,999.9,0,763,41,8,34,10,1,31,5,5,185,28,44,11,102,178,34,26,8,2,0,0,0,0,2,1,0,7,0,0,0,0,0,0,0,0,0,0
7,2016,06,19,2016-06-19,77.7,56.0,1022.2,10.0,5.7,13.0,19.0,89.1,57.9,0.0,999.9,0,811,37,10,40,12,2,26,9,3,174,38,56,13,85,234,22,34,4,6,0,0,0,0,0,0,3,3,0,0,0,0,0,0,0,0,0,0
1,2016,06,20,2016-06-20,83.4,65.5,1017.3,10.0,11.6,19.0,27.0,91.9,78.1,0.0,999.9,0,857,62,25,45,9,0,56,3,6,172,31,62,8,88,198,36,38,5,3,1,2,2,0,0,0,1,2,2,0,0,0,0,0,0,0,0,0
2,2016,06,21,2016-06-21,75.5,50.7,1015.3,10.0,8.7,15.0,19.0,93.0,64.0,0.0,999.9,0,825,60,24,28,9,2,47,2,3,190,31,68,6,97,171,34,35,6,6,1,0,1,0,0,0,2,2,0,0,0,0,0,0,0,0,0,0
3,2016,06,22,2016-06-22,71.8,58.6,1012.2,10.0,6.2,12.0,15.9,84.0,64.0,0.0,999.9,0,749,50,23,34,8,1,54,6,0,162,36,60,2,76,153,39,23,6,9,2,0,0,1,0,1,2,1,0,0,0,0,0,0,0,0,0,0
4,2016,06,23,2016-06-23,70.3,65.6,1010.2,7.2,6.7,28.9,35.9,78.1,66.2,1.31,999.9,1,801,49,25,41,6,1,51,7,5,184,42,67,4,68,150,45,27,6,7,1,0,0,0,1,5,3,2,3,0,0,0,0,1,0,0,0,0
5,2016,06,24,2016-06-24,70.9,56.8,1016.6,10.0,7.4,12.0,999.9,82.0,62.1,0.0,999.9,0,807,39,21,38,10,0,46,7,1,199,37,51,5,94,161,50,29,4,3,2,1,1,0,2,0,2,4,0,0,0,0,0,0,0,0,0,0
6,2016,06,25,2016-06-25,76.7,61.4,1017.5,10.0,7.0,12.0,15.0,89.1,62.1,0.0,999.9,0,813,48,26,43,13,1,38,3,3,192,31,66,6,95,156,28,44,4,6,0,0,1,0,2,0,3,1,0,0,2,0,0,1,0,0,0,0
7,2016,06,26,2016-06-26,81.3,68.7,1014.7,9.8,9.2,12.0,22.0,90.0,64.9,0.0,999.9,0,775,50,17,33,3,1,24,3,6,166,30,56,9,106,192,24,31,9,5,1,0,1,0,1,0,3,4,0,0,0,0,0,0,0,0,0,0
1,2016,06,27,2016-06-27,79.6,60.0,1015.8,10.0,9.1,15.9,26.0,90.0,69.1,0.03,999.9,0,771,46,20,47,10,1,51,2,3,171,29,59,6,71,148,41,48,6,4,1,0,1,0,0,0,1,2,1,0,0,1,0,1,0,0,0,0
2,2016,06,28,2016-06-28,68.2,53.5,1019.7,10.0,9.9,15.0,20.0,90.0,63.0,0.0,999.9,0,767,49,24,31,9,1,58,2,4,185,29,55,6,79,140,47,28,3,7,0,0,0,0,1,6,1,2,0,0,0,0,0,0,0,0,0,0
3,2016,06,29,2016-06-29,66.8,50.2,1019.8,9.9,5.2,11.1,999.9,81.0,55.0,0.0,999.9,0,804,46,30,48,16,2,57,4,2,184,25,68,6,90,140,43,22,2,4,1,0,0,0,1,7,1,3,2,0,0,0,0,0,0,0,0,0
4,2016,06,30,2016-06-30,69.4,50.6,1016.3,10.0,6.9,21.4,999.9,81.0,55.0,0.0,999.9,0,847,52,21,39,15,0,49,2,2,204,26,58,3,100,141,75,43,4,5,1,0,1,0,1,1,1,2,0,1,0,0,0,0,0,0,0,0
5,2016,07,01,2016-07-01,68.5,56.1,1015.9,10.0,9.0,15.0,21.0,78.1,61.0,0.0,999.9,0,962,59,31,54,13,1,120,3,12,183,39,60,15,98,145,65,36,9,10,1,0,1,0,2,1,1,2,0,0,0,1,0,0,0,0,0,0
6,2016,07,02,2016-07-02,65.5,47.8,1020.8,10.0,4.1,12.0,999.9,75.9,54.0,0.0,999.9,0,756,66,17,37,12,2,26,4,2,155,39,59,5,75,155,52,32,7,4,0,0,2,0,1,0,2,2,0,0,0,0,0,0,0,0,0,0
7,2016,07,03,2016-07-03,68.0,51.4,1018.4,10.0,6.0,13.0,19.0,77.0,54.0,0.0,999.9,0,782,48,21,32,12,1,30,4,3,167,30,51,2,105,175,53,28,3,6,0,1,1,0,4,1,3,1,0,0,0,0,0,0,0,0,0,0
1,2016,07,04,2016-07-04,70.8,60.1,1012.6,9.6,6.5,11.1,20.0,79.0,55.0,0.0,999.9,0,848,55,13,43,16,0,18,3,2,145,39,56,9,139,221,38,25,8,14,0,0,0,0,0,0,2,1,1,0,0,0,0,0,0,0,0,0
2,2016,07,05,2016-07-05,75.5,64.5,1010.9,9.4,6.1,12.0,14.0,87.1,66.0,0.0,999.9,0,895,51,13,35,11,1,44,0,3,168,42,77,8,116,205,49,43,7,5,1,0,1,0,2,5,3,5,0,0,0,0,0,0,0,0,0,0
3,2016,07,06,2016-07-06,77.4,66.9,1009.6,9.1,8.7,35.0,44.1,88.0,66.0,0.75,999.9,0,742,48,22,33,13,2,42,2,1,173,32,49,5,89,147,34,32,5,5,0,0,0,0,1,5,0,2,0,0,0,0,0,0,0,0,0,0
4,2016,07,07,2016-07-07,76.8,68.8,1009.1,9.8,5.4,14.0,18.1,88.0,66.9,0.12,999.9,0,790,41,25,41,9,0,69,3,2,195,29,45,5,83,137,50,33,4,8,0,1,1,0,2,5,1,0,0,0,0,0,0,1,0,0,0,0
5,2016,07,08,2016-07-08,75.9,66.7,1009.1,6.8,8.3,17.1,25.1,86.0,68.0,1.05,999.9,1,790,51,18,45,11,1,47,1,4,203,34,71,7,87,130,36,24,5,8,0,0,0,0,0,5,1,1,0,0,0,0,0,0,0,0,0,0
6,2016,07,09,2016-07-09,73.1,58.9,1014.1,10.0,9.8,14.0,999.9,86.0,64.9,0.0,999.9,0,729,39,11,35,8,1,42,2,0,174,40,68,5,81,158,28,15,4,5,0,0,1,0,0,6,5,1,0,0,0,0,0,0,0,0,0,0
7,2016,07,10,2016-07-10,72.4,56.5,1017.4,10.0,3.8,11.1,999.9,82.0,60.1,0.0,999.9,0,760,46,14,32,11,1,37,5,4,164,41,64,9,93,160,22,41,5,5,0,0,0,0,2,0,2,2,0,0,0,0,0,0,0,0,0,0
1,2016,07,11,2016-07-11,78.3,65.6,1013.9,10.0,8.4,15.9,22.0,90.0,60.1,0.0,999.9,0,701,53,20,37,6,1,39,1,4,155,36,44,6,78,146,31,31,2,6,0,0,0,0,1,0,2,2,0,0,0,0,0,0,0,0,0,0
2,2016,07,12,2016-07-12,81.1,69.3,1010.2,9.9,11.9,17.1,22.9,90.0,69.1,0.0,999.9,0,780,60,20,33,11,0,72,1,4,184,33,62,6,81,129,36,27,5,2,1,0,0,0,0,5,3,3,1,0,0,0,1,0,0,0,0,0
3,2016,07,13,2016-07-13,77.8,68.9,1011.0,10.0,7.8,18.1,24.1,88.0,68.0,0.0,999.9,0,726,44,10,38,10,0,57,2,4,172,45,43,4,90,124,45,22,7,1,1,0,1,0,0,2,1,2,1,0,0,0,0,0,0,0,0,0
4,2016,07,14,2016-07-14,76.0,64.1,1010.0,10.0,12.3,22.0,32.1,88.0,66.9,0.06,999.9,0,769,56,21,45,9,1,47,4,7,185,29,51,4,99,105,49,42,3,2,2,0,0,0,1,4,0,3,0,0,0,0,0,0,0,0,0,0
5,2016,07,15,2016-07-15,70.8,58.2,1013.8,9.3,8.9,15.9,19.0,88.0,64.0,0.0,999.9,0,846,52,19,47,12,0,54,3,4,228,34,47,10,96,150,48,34,2,3,1,1,0,0,0,0,0,1,0,0,0,0,0,0,0,0,0,0
6,2016,07,16,2016-07-16,67.3,56.1,1019.3,10.0,4.4,11.1,999.9,77.0,57.0,0.14,999.9,0,780,42,22,36,11,0,38,2,2,182,36,42,4,112,168,30,40,3,4,2,0,0,0,0,1,2,1,0,0,0,0,0,0,0,0,0,0
7,2016,07,17,2016-07-17,70.5,59.4,1016.6,10.0,9.6,21.0,28.0,82.9,57.0,0.0,999.9,0,789,46,22,53,14,2,34,2,3,135,41,54,6,120,164,30,44,7,5,1,0,0,0,1,1,0,4,0,0,0,0,0,0,0,0,0,0
1,2016,07,18,2016-07-18,78.6,67.1,1018.1,10.0,5.1,12.0,999.9,88.0,61.0,0.25,999.9,0,799,55,16,52,7,0,50,3,3,195,31,54,8,98,128,39,39,5,5,1,0,2,0,0,0,3,2,3,0,0,0,0,0,0,0,0,0
2,2016,07,19,2016-07-19,78.6,62.9,1022.0,10.0,4.1,8.9,999.9,91.0,68.0,0.0,999.9,0,791,50,18,53,10,0,49,2,1,194,34,57,3,99,124,44,35,5,4,0,0,1,0,1,2,3,2,0,0,0,0,0,0,0,0,0,0
3,2016,07,20,2016-07-20,78.8,65.7,1021.4,9.9,5.4,8.9,999.9,91.0,68.0,0.0,999.9,0,825,54,14,67,2,0,64,4,2,193,33,57,1,95,145,38,36,8,4,0,0,0,0,0,6,1,1,0,0,0,0,0,0,0,0,0,0
4,2016,07,21,2016-07-21,81.0,72.2,1017.6,9.7,7.2,12.0,19.0,91.0,69.1,0.0,999.9,0,785,60,16,48,4,0,58,2,2,201,44,61,5,77,120,42,28,1,1,0,0,0,0,1,7,1,4,2,0,0,0,0,0,0,0,0,0
5,2016,07,22,2016-07-22,79.2,70.9,1015.2,9.5,8.0,19.0,29.9,91.0,72.0,1.04,999.9,0,792,44,11,48,10,0,53,3,4,187,28,60,12,90,141,48,33,2,5,0,0,1,0,2,6,2,2,0,0,0,0,0,0,0,0,0,0
6,2016,07,23,2016-07-23,84.6,74.6,1014.3,10.0,3.7,21.0,35.0,91.0,72.0,0.01,999.9,0,814,24,16,46,6,0,44,3,4,199,47,54,8,102,166,30,43,6,5,0,2,0,0,0,6,1,2,0,0,0,0,0,0,0,0,0,0
7,2016,07,24,2016-07-24,78.5,72.6,1012.0,9.1,11.2,20.0,32.1,93.0,70.0,1.12,999.9,0,790,41,18,39,10,0,29,1,1,182,37,48,4,96,194,34,34,8,6,0,2,0,0,0,1,0,4,1,0,0,0,0,0,0,0,0,0
1,2016,07,25,2016-07-25,79.0,66.4,1013.8,10.0,7.2,13.0,999.9,93.0,71.1,0.93,999.9,0,827,51,19,55,9,0,58,4,6,201,29,60,4,95,142,45,29,2,5,2,0,2,0,2,0,3,2,0,0,0,2,0,0,0,0,0,0
2,2016,07,26,2016-07-26,78.9,63.5,1016.3,10.0,3.1,9.9,999.9,89.1,69.1,0.0,999.9,0,877,45,30,52,14,1,66,0,6,231,24,56,3,88,157,46,46,2,4,1,0,1,0,2,0,1,1,0,0,0,0,0,0,0,0,0,0
3,2016,07,27,2016-07-27,79.3,63.2,1015.1,10.0,3.2,9.9,999.9,89.1,68.0,0.0,999.9,0,795,52,14,46,12,0,46,2,5,200,38,47,7,93,143,40,36,7,2,0,0,0,0,0,0,3,2,0,0,0,0,0,0,0,0,0,0
4,2016,07,28,2016-07-28,76.8,67.2,1012.2,9.0,5.0,12.0,999.9,89.1,68.0,0.0,999.9,0,774,45,18,42,7,0,61,1,7,169,38,54,4,89,129,50,41,6,5,0,0,2,0,0,2,0,4,0,0,0,0,0,0,0,0,0,0
5,2016,07,29,2016-07-29,73.2,68.8,1012.5,9.0,6.6,13.0,18.1,84.0,70.0,0.66,999.9,0,802,58,26,48,8,0,55,0,4,211,40,44,3,78,136,36,33,5,3,1,0,0,1,2,3,1,5,1,0,0,0,0,0,0,0,0,0
6,2016,07,30,2016-07-30,72.3,65.6,1014.1,10.0,8.3,12.0,999.9,81.0,70.0,0.11,999.9,0,927,48,19,39,8,0,44,4,4,248,52,61,4,128,184,35,27,5,5,1,0,0,1,1,6,0,3,0,0,0,0,0,0,0,0,0,0
7,2016,07,31,2016-07-31,72.7,63.9,1016.1,9.9,6.0,9.9,999.9,81.0,64.9,0.0,999.9,0,813,29,14,38,7,0,35,2,3,242,34,56,8,117,160,21,29,5,7,0,1,1,0,1,0,0,3,0,0,0,0,0,0,0,0,0,0
1,2016,08,01,2016-08-01,74.7,64.9,1017.6,10.0,5.2,11.1,999.9,84.0,64.9,0.0,999.9,0,882,62,14,32,10,1,133,4,6,201,37,50,11,91,141,31,37,10,3,0,0,0,0,0,0,3,1,0,0,0,3,1,0,0,0,0,0
2,2016,08,02,2016-08-02,77.2,65.7,1017.9,10.0,4.8,13.0,999.9,87.1,64.9,0.0,999.9,0,793,51,18,37,8,0,64,2,3,188,46,61,9,74,154,25,33,2,4,0,0,1,0,1,4,1,4,2,0,0,0,0,1,0,0,0,0
3,2016,08,03,2016-08-03,79.6,66.1,1017.0,10.0,3.1,11.1,999.9,90.0,66.9,0.0,999.9,0,772,52,18,42,7,1,60,1,2,188,44,49,6,87,126,39,30,3,7,0,0,1,0,3,3,0,3,0,0,0,0,0,0,0,0,0,0
4,2016,08,04,2016-08-04,80.7,65.4,1014.5,9.8,4.6,11.1,999.9,91.0,69.1,0.0,999.9,0,793,60,12,40,8,1,60,2,2,170,41,62,4,87,154,32,43,3,3,0,0,0,0,2,5,0,1,1,0,0,0,0,0,0,0,0,0
5,2016,08,05,2016-08-05,78.2,67.7,1011.0,10.0,6.7,14.0,20.0,91.0,70.0,0.02,999.9,0,862,50,19,45,13,0,57,5,3,205,42,57,10,105,155,33,42,6,6,0,0,1,0,2,2,1,1,1,1,0,0,0,0,0,0,0,0
6,2016,08,06,2016-08-06,75.7,60.1,1014.0,10.0,6.8,9.9,999.9,86.0,66.0,0.0,999.9,0,828,52,10,38,10,1,41,0,5,192,27,71,10,108,189,26,32,3,3,1,0,2,0,0,4,0,3,0,0,0,0,0,0,0,0,0,0
7,2016,08,07,2016-08-07,74.7,59.0,1016.1,10.0,4.4,8.9,999.9,87.8,62.1,0.0,999.9,0,838,39,17,34,8,1,43,4,4,196,37,56,10,113,180,38,34,4,8,0,2,0,0,2,0,4,3,1,0,0,0,0,0,0,0,0,0
1,2016,08,08,2016-08-08,76.9,61.0,1016.9,10.0,8.7,13.0,19.0,84.0,72.0,0.0,999.9,0,804,41,20,48,6,0,72,0,3,198,47,45,7,83,143,29,39,3,7,0,0,0,1,1,0,2,8,0,0,0,1,0,0,0,0,0,0
2,2016,08,09,2016-08-09,77.7,60.8,1015.4,10.0,5.7,9.9,999.9,88.0,66.9,0.0,999.9,0,725,60,16,32,14,0,62,2,2,155,35,54,4,80,137,32,21,5,5,2,0,0,0,1,0,1,5,0,0,0,0,0,0,0,0,0,0
3,2016,08,10,2016-08-10,80.4,65.5,1016.9,10.0,3.6,9.9,999.9,89.1,66.9,0.0,999.9,0,722,51,18,35,10,0,63,3,3,170,33,53,6,82,133,26,20,2,0,1,1,1,0,0,4,1,3,2,0,0,1,0,0,0,0,0,0
4,2016,08,11,2016-08-11,81.7,68.7,1014.5,9.9,7.9,18.1,28.0,91.9,69.1,0.0,999.9,0,852,53,32,43,19,0,57,2,2,189,31,57,4,115,157,37,36,2,3,2,0,1,0,2,3,2,3,0,0,0,0,0,0,0,0,0,0
5,2016,08,12,2016-08-12,79.9,72.8,1010.0,9.1,5.3,15.0,21.0,91.9,73.0,0.0,999.9,0,746,51,13,41,13,2,42,2,0,207,41,48,6,100,101,35,31,5,1,0,0,0,0,0,2,1,1,2,0,0,0,0,1,0,0,0,0
6,2016,08,13,2016-08-13,77.0,71.3,1008.7,8.5,7.3,15.9,21.0,82.9,73.4,0.96,999.9,0,827,52,28,38,12,1,48,3,0,193,43,63,9,114,146,18,37,8,8,1,0,0,1,0,0,0,3,1,0,0,0,0,0,0,0,0,0
7,2016,08,14,2016-08-14,76.7,63.7,1014.7,10.0,4.8,12.0,999.9,87.1,64.9,0.0,999.9,0,843,46,27,48,10,0,27,2,4,193,45,62,5,97,191,24,39,6,2,1,2,0,0,1,1,4,6,0,0,0,0,0,0,0,0,0,0
1,2016,08,15,2016-08-15,74.5,66.1,1017.6,10.0,6.0,14.0,999.9,87.1,64.9,0.0,999.9,0,843,57,24,55,9,0,78,4,0,204,30,59,5,113,145,27,24,2,1,0,0,1,0,0,0,2,2,0,0,0,0,0,1,0,0,0,0
2,2016,08,16,2016-08-16,76.5,67.1,1015.9,9.9,7.0,11.1,999.9,88.0,66.9,0.02,999.9,0,816,64,16,41,7,0,68,4,3,213,37,63,6,94,127,31,27,3,3,0,0,0,0,1,0,1,5,1,0,0,1,0,0,0,0,0,0
3,2016,08,17,2016-08-17,77.0,65.6,1017.6,10.0,6.0,13.0,17.1,88.0,70.0,0.05,999.9,0,862,43,23,42,9,2,61,0,3,215,44,58,6,118,150,29,39,5,2,0,0,1,0,0,8,3,0,0,0,0,1,0,0,0,0,0,0
4,2016,08,18,2016-08-18,76.9,69.0,1016.3,9.6,4.4,9.9,999.9,88.0,70.0,0.78,999.9,0,767,54,20,47,11,0,56,2,7,199,29,49,3,64,139,41,29,4,2,1,0,1,0,0,6,0,2,0,0,0,0,0,1,0,0,0,0
5,2016,08,19,2016-08-19,75.3,66.2,1012.5,9.9,7.9,19.0,32.1,84.9,66.0,0.02,999.9,0,793,41,18,51,12,3,48,3,4,191,32,57,8,96,135,33,44,5,4,0,0,0,0,2,1,2,2,0,1,0,0,0,0,0,0,0,0
6,2016,08,20,2016-08-20,74.7,68.4,1006.0,9.7,9.2,18.1,29.9,84.0,66.0,0.07,999.9,0,844,47,11,34,9,1,54,2,1,213,40,56,6,105,187,22,35,5,5,0,1,3,0,0,1,2,2,2,0,0,0,0,0,0,0,0,0
7,2016,08,21,2016-08-21,66.4,55.3,1010.1,10.0,9.7,15.9,20.0,80.1,57.9,0.47,999.9,0,786,39,17,50,15,1,34,3,3,172,32,62,7,109,187,14,25,4,5,0,0,0,0,1,1,1,4,0,0,0,0,0,0,0,0,0,0
1,2016,08,22,2016-08-22,67.1,52.0,1019.7,10.0,3.8,11.1,999.9,78.1,55.9,0.0,999.9,0,728,46,18,54,4,1,44,3,4,186,48,49,4,92,116,28,23,2,2,0,0,0,0,0,0,2,1,1,0,0,0,0,0,0,0,0,0
2,2016,08,23,2016-08-23,70.5,58.1,1021.3,10.0,9.1,15.9,20.0,81.0,55.9,0.0,999.9,0,753,48,18,56,11,1,46,4,2,172,44,61,4,74,131,24,35,5,3,0,0,0,0,3,2,1,8,0,0,0,0,0,0,0,0,0,0
3,2016,08,24,2016-08-24,74.9,66.5,1016.2,9.1,10.7,21.0,28.0,84.0,60.1,0.0,999.9,0,823,57,20,58,10,0,55,2,4,195,48,43,4,114,133,28,32,5,6,0,0,0,0,0,2,4,3,0,0,0,0,0,0,0,0,0,0
4,2016,08,25,2016-08-25,76.4,69.0,1015.0,10.0,5.3,8.9,999.9,84.9,70.0,0.32,999.9,0,770,48,31,56,14,0,41,7,2,192,40,53,2,104,121,18,38,2,0,0,0,0,0,0,0,1,0,0,0,0,0,0,0,0,0,0,0
5,2016,08,26,2016-08-26,72.4,61.3,1019.4,10.0,5.5,8.9,999.9,84.9,66.0,0.09,999.9,0,803,46,11,50,6,1,55,6,4,200,43,54,8,98,128,24,44,4,2,0,2,1,0,1,11,0,4,0,0,0,0,0,0,0,0,0,0
6,2016,08,27,2016-08-27,73.6,67.2,1017.7,8.9,7.2,13.0,999.9,84.0,66.0,0.77,999.9,0,819,36,14,40,10,0,46,2,4,207,44,58,9,96,180,17,28,7,6,0,1,1,0,1,4,2,5,1,0,0,0,0,0,0,0,0,0
7,2016,08,28,2016-08-28,76.9,69.4,1019.9,10.0,5.2,9.9,999.9,84.0,66.9,0.21,999.9,0,805,36,15,35,15,3,41,1,1,188,43,62,7,89,193,23,33,8,5,0,1,0,0,0,0,0,4,0,1,0,0,0,1,0,0,0,0
1,2016,08,29,2016-08-29,75.7,69.3,1022.6,9.6,5.4,13.0,999.9,86.0,70.0,0.0,999.9,0,884,46,21,54,10,1,54,2,5,207,63,77,5,97,161,30,32,6,4,0,0,1,0,2,1,2,3,0,0,0,0,0,0,0,0,0,0
2,2016,08,30,2016-08-30,75.6,70.6,1019.6,7.1,3.4,21.0,999.9,86.0,70.0,0.57,999.9,0,755,34,20,54,11,0,55,1,6,187,37,56,9,89,117,24,38,3,5,0,0,0,0,2,2,2,2,0,0,0,0,1,0,0,0,0,0
3,2016,08,31,2016-08-31,72.9,62.5,1017.4,10.0,8.5,17.1,25.1,84.0,68.0,0.05,999.9,0,780,49,18,44,10,0,41,1,5,218,35,56,6,86,129,26,28,6,9,2,1,1,0,0,4,1,4,0,0,0,0,0,0,0,0,0,0
4,2016,09,01,2016-09-01,67.2,56.5,1020.4,10.0,9.9,18.1,26.0,75.9,62.1,0.0,999.9,0,1037,56,20,50,13,1,149,2,12,232,43,63,16,117,142,60,30,14,4,1,1,1,0,1,3,2,1,3,0,0,0,0,0,0,0,0,0
5,2016,09,02,2016-09-02,67.6,55.3,1023.7,10.0,7.9,14.0,17.1,73.9,62.1,0.0,999.9,0,799,42,18,47,13,1,57,1,2,197,39,46,10,90,142,36,40,4,5,0,1,0,0,2,5,0,1,0,0,0,0,0,0,0,0,0,0
6,2016,09,03,2016-09-03,67.9,56.0,1022.7,10.0,5.2,9.9,999.9,75.9,55.9,0.0,999.9,0,830,47,29,54,20,0,34,5,2,188,42,47,3,112,148,37,35,6,5,0,0,0,0,2,10,2,0,0,0,0,0,1,1,0,0,0,0
7,2016,09,04,2016-09-04,69.0,57.6,1021.3,10.0,6.0,12.0,999.9,80.1,55.9,0.0,999.9,0,779,39,16,32,21,1,43,2,4,177,31,62,11,100,158,31,26,4,6,1,1,0,0,0,6,2,4,0,0,0,0,1,0,0,0,0,0
1,2016,09,05,2016-09-05,73.2,62.4,1018.8,10.0,8.2,14.0,22.0,87.1,59.0,0.0,999.9,0,822,44,18,34,21,0,40,5,1,180,41,55,5,102,184,32,36,7,4,3,0,0,0,0,1,0,9,0,0,0,0,0,0,0,0,0,0
2,2016,09,06,2016-09-06,82.2,71.6,1016.6,10.0,8.5,15.9,22.0,91.0,62.1,0.0,999.9,0,761,56,19,55,11,0,63,6,5,182,24,56,6,79,122,28,35,2,5,1,0,0,0,3,0,0,2,0,0,0,0,0,1,0,0,0,0
3,2016,09,07,2016-09-07,82.5,72.4,1014.7,9.7,8.0,17.1,28.0,91.0,75.0,0.0,999.9,0,723,46,17,36,9,0,52,2,8,173,22,66,4,78,141,32,29,1,5,0,0,0,0,0,0,0,1,1,0,0,0,0,0,0,0,0,0
4,2016,09,08,2016-09-08,76.3,70.0,1011.2,9.7,8.5,15.0,25.1,89.1,71.1,0.44,999.9,0,795,51,23,53,9,0,45,2,6,209,37,47,5,87,138,30,41,3,5,1,1,0,1,0,0,0,1,0,0,0,0,0,0,0,0,0,0
5,2016,09,09,2016-09-09,73.8,66.4,1012.9,10.0,4.6,12.0,999.9,82.0,63.0,0.05,999.9,0,818,43,25,51,9,1,62,1,5,187,41,65,9,90,142,37,33,6,3,2,0,1,0,0,3,1,0,1,0,0,0,0,0,0,0,0,0
6,2016,09,10,2016-09-10,68.8,59.9,1011.3,9.7,8.3,17.1,25.1,81.0,63.0,0.0,999.9,0,767,39,14,51,8,1,38,3,3,178,39,61,8,108,139,26,32,5,0,1,0,2,0,0,1,6,4,0,0,0,0,0,0,0,0,0,0
7,2016,09,11,2016-09-11,64.7,51.4,1020.3,10.0,5.2,9.9,19.0,75.9,51.1,0.01,999.9,0,758,36,21,34,8,1,33,2,2,189,32,49,6,107,156,19,37,5,8,0,0,1,0,1,4,1,4,1,1,0,0,0,0,0,0,0,0
1,2016,09,12,2016-09-12,66.5,51.9,1019.1,10.0,7.5,14.0,22.0,79.0,51.1,0.0,999.9,0,793,55,26,52,11,1,49,4,0,183,32,67,7,107,132,28,25,4,3,1,1,0,1,3,0,0,1,0,0,0,0,0,0,0,0,0,0
2,2016,09,13,2016-09-13,72.2,58.3,1016.7,10.0,7.0,11.1,15.9,84.9,54.0,0.0,999.9,0,786,41,21,62,11,1,54,1,5,189,38,65,2,97,139,24,22,1,3,0,0,0,0,1,5,4,0,0,0,0,0,0,0,0,0,0,0
3,2016,09,14,2016-09-14,69.4,59.2,1021.9,9.7,7.9,11.1,999.9,84.9,64.0,0.09,999.9,0,820,62,14,51,17,1,61,2,1,219,34,62,3,68,128,35,41,3,3,1,1,0,0,3,6,1,2,0,0,0,1,0,0,0,0,0,0
4,2016,09,15,2016-09-15,68.2,57.5,1022.9,10.0,6.4,13.0,21.0,78.1,60.1,0.0,999.9,0,823,47,21,40,15,0,66,1,5,220,39,68,3,87,139,19,35,3,7,1,0,0,1,1,1,1,2,1,0,0,0,0,0,0,0,0,0
5,2016,09,16,2016-09-16,72.0,60.8,1016.2,10.0,10.2,17.1,29.9,82.9,60.1,0.0,999.9,0,807,38,19,61,9,2,72,3,4,176,35,58,9,103,132,27,35,5,5,1,0,2,0,1,0,7,2,0,0,0,0,0,1,0,0,0,0
6,2016,09,17,2016-09-17,73.9,62.3,1012.2,9.2,8.7,15.9,22.9,82.9,64.9,0.05,999.9,0,834,42,32,44,13,0,36,4,2,189,29,71,6,121,167,25,38,7,4,1,0,1,0,0,0,1,0,0,0,0,0,0,1,0,0,0,0
7,2016,09,18,2016-09-18,69.1,54.7,1014.2,10.0,3.5,8.9,999.9,82.0,57.0,0.04,999.9,0,781,39,17,28,9,0,26,5,2,182,31,48,9,105,196,26,34,4,7,2,0,0,0,2,0,4,5,0,0,0,0,0,0,0,0,0,0
1,2016,09,19,2016-09-19,71.4,53.2,1015.4,10.0,6.4,13.0,18.1,88.0,55.9,0.0,999.9,0,712,42,17,42,7,0,46,5,2,192,26,45,5,94,133,19,28,0,3,1,0,1,0,1,1,0,1,1,0,0,0,0,0,0,0,0,0
2,2016,09,20,2016-09-20,74.8,54.9,1019.2,10.0,7.5,13.0,21.0,88.0,55.9,0.0,999.9,0,792,51,18,51,11,1,62,2,5,208,39,55,8,89,132,25,25,2,2,1,1,0,0,0,3,0,1,0,0,0,0,0,0,0,0,0,0
3,2016,09,21,2016-09-21,70.2,60.9,1019.8,9.5,6.3,21.0,27.0,82.9,66.0,0.0,999.9,0,731,47,18,40,7,0,55,0,2,178,26,48,3,85,140,28,29,3,7,1,1,2,0,0,5,2,4,0,0,0,0,0,0,0,0,0,0
4,2016,09,22,2016-09-22,71.4,63.4,1017.8,9.7,4.1,8.0,999.9,81.0,64.0,0.55,999.9,0,831,48,19,41,10,1,64,2,4,215,43,67,7,83,141,44,24,3,5,0,0,1,0,1,4,1,3,0,0,0,0,0,0,0,0,0,0
5,2016,09,23,2016-09-23,71.7,65.4,1017.5,9.1,7.3,14.0,999.9,81.0,64.9,0.0,999.9,0,845,38,14,48,13,0,61,3,5,206,29,48,8,89,157,66,36,4,3,3,1,2,0,1,3,2,5,0,0,0,0,0,0,0,0,0,0
6,2016,09,24,2016-09-24,68.5,62.5,1020.7,10.0,8.3,11.1,21.0,73.9,66.0,0.0,999.9,0,833,57,18,34,7,1,55,3,0,165,45,62,7,117,185,16,39,7,3,1,0,0,0,0,2,4,4,0,0,0,0,1,0,0,0,0,0
7,2016,09,25,2016-09-25,71.7,62.7,1017.5,10.0,7.9,13.0,18.1,84.9,63.0,0.0,999.9,0,809,46,18,35,6,0,32,3,5,197,34,68,3,105,179,20,45,3,4,0,0,1,0,0,0,1,2,1,0,0,0,0,1,0,0,0,0
1,2016,09,26,2016-09-26,65.9,48.1,1013.9,10.0,13.0,20.0,31.1,84.9,57.9,0.01,999.9,0,764,42,18,50,15,0,66,2,3,205,36,41,6,85,129,18,32,4,5,1,0,0,0,0,1,1,2,1,0,0,0,0,1,0,0,0,0
2,2016,09,27,2016-09-27,60.1,35.5,1010.2,10.0,12.2,22.0,31.1,70.0,51.1,0.0,999.9,0,735,43,18,56,6,0,39,3,1,187,28,54,5,84,130,33,29,7,3,1,0,0,0,1,3,1,3,0,0,0,0,0,0,0,0,0,0
3,2016,09,28,2016-09-28,56.0,45.4,1010.8,9.7,9.5,17.1,22.9,70.0,50.0,0.0,999.9,0,635,32,20,38,16,1,43,1,1,176,31,50,4,75,100,19,23,0,2,0,1,1,0,0,1,0,0,0,0,0,0,0,0,0,0,0,0
4,2016,09,29,2016-09-29,60.7,55.9,1020.0,9.2,13.9,19.0,27.0,64.9,50.0,0.31,999.9,0,702,40,16,55,3,1,65,2,0,172,21,52,6,85,114,28,32,1,2,0,0,0,0,0,6,0,1,0,0,0,0,0,0,0,0,0,0
5,2016,09,30,2016-09-30,61.8,58.4,1020.7,8.5,11.0,14.0,21.0,64.9,59.0,0.28,999.9,0,772,44,15,46,6,1,57,7,6,185,41,48,5,101,132,29,33,3,6,0,0,1,0,0,1,1,1,1,0,0,1,0,1,0,0,0,0
6,2016,10,01,2016-10-01,61.0,57.7,1016.7,8.0,6.8,11.1,999.9,64.0,57.0,0.02,999.9,0,862,58,15,47,6,0,102,2,5,217,28,33,11,103,151,18,38,11,6,0,2,2,0,0,3,1,2,1,0,0,0,0,0,0,0,0,0
7,2016,10,02,2016-10-02,59.7,57.0,1016.9,7.9,6.3,8.9,999.9,64.9,55.9,0.94,999.9,1,707,38,18,25,6,1,23,4,3,165,39,50,6,89,171,19,32,4,8,0,0,0,0,0,3,1,2,0,0,0,0,0,0,0,0,0,0
1,2016,10,03,2016-10-03,61.9,56.4,1018.9,9.7,3.2,7.0,999.9,66.9,55.9,0.03,999.9,0,772,45,18,44,4,1,67,3,5,202,45,52,7,82,126,20,37,5,4,1,1,0,0,0,0,0,2,1,0,0,0,0,0,0,0,0,0
2,2016,10,04,2016-10-04,65.2,56.4,1017.5,10.0,7.1,13.0,999.9,75.0,57.0,0.0,999.9,0,743,47,27,46,15,0,65,4,1,157,38,58,4,80,114,31,34,6,7,0,0,0,0,0,3,2,3,1,0,0,0,0,0,0,0,0,0
3,2016,10,05,2016-10-05,68.7,57.7,1013.7,10.0,9.6,15.0,22.0,80.1,60.1,0.0,999.9,0,805,66,13,51,6,0,65,4,6,192,32,54,7,80,134,42,25,5,9,3,1,1,0,0,4,2,2,0,0,0,0,0,1,0,0,0,0
4,2016,10,06,2016-10-06,65.8,59.7,1017.6,8.9,4.4,11.1,999.9,80.1,57.9,0.07,999.9,0,754,56,17,50,8,0,62,6,3,181,42,52,11,78,121,25,30,2,5,0,0,1,0,0,1,3,0,0,0,0,0,0,0,0,0,0,0
5,2016,10,07,2016-10-07,65.2,57.4,1016.9,9.8,9.1,17.1,22.9,73.9,55.9,0.18,999.9,0,863,66,22,48,9,0,69,2,1,201,36,56,6,110,147,26,42,6,6,0,0,3,1,0,3,1,2,0,0,0,0,0,0,0,0,0,0
6,2016,10,08,2016-10-08,52.4,38.0,1024.0,10.0,6.3,9.9,999.9,70.0,39.9,0.0,999.9,0,715,36,18,38,10,0,34,1,4,155,41,44,5,111,153,14,33,4,7,2,1,0,0,1,1,1,1,0,0,0,0,0,0,0,0,0,0
7,2016,10,09,2016-10-09,55.9,45.7,1026.0,9.7,6.6,12.0,999.9,64.9,39.9,0.0,999.9,0,682,38,13,27,8,1,27,0,3,151,27,55,5,113,143,11,42,4,5,0,1,0,1,2,0,1,4,0,0,0,0,0,0,0,0,0,0
1,2016,10,10,2016-10-10,56.0,45.4,1026.9,10.0,4.5,8.0,999.9,71.1,45.0,0.0,999.9,0,724,39,20,38,15,0,59,2,3,193,36,43,3,85,128,21,25,6,5,0,0,0,0,0,0,2,1,0,0,0,0,0,0,0,0,0,0
2,2016,10,11,2016-10-11,63.0,49.9,1021.9,10.0,8.6,15.0,999.9,73.0,45.0,0.0,999.9,0,697,62,20,34,6,0,57,3,5,173,36,59,5,68,103,19,29,3,4,1,0,0,0,0,6,0,2,1,0,0,1,0,0,0,0,0,0
3,2016,10,12,2016-10-12,62.3,53.6,1015.5,8.7,10.3,18.1,24.1,68.0,51.1,0.0,999.9,0,746,58,27,50,9,1,38,4,5,197,29,56,6,87,106,23,34,6,3,0,0,3,1,0,0,0,2,0,0,0,0,1,0,0,0,0,0
4,2016,10,13,2016-10-13,47.9,36.9,1024.6,9.8,6.9,15.0,19.0,69.1,37.9,0.14,999.9,0,694,48,26,28,5,1,66,6,2,176,34,57,4,54,120,33,22,2,1,0,0,2,0,1,0,1,3,1,0,0,1,0,0,0,0,0,0
5,2016,10,14,2016-10-14,50.2,39.9,1024.7,9.6,5.0,12.0,999.9,66.0,37.9,0.0,999.9,0,821,43,23,52,13,0,66,4,4,210,29,75,8,97,119,26,30,3,2,0,0,1,0,1,6,4,5,0,0,0,0,0,0,0,0,0,0
6,2016,10,15,2016-10-15,58.0,52.6,1016.9,8.5,10.0,15.9,22.0,69.1,37.9,0.0,999.9,0,823,52,18,49,14,2,57,3,0,193,45,57,4,92,170,23,25,7,4,2,0,1,0,1,0,1,3,0,0,0,0,0,0,0,0,0,0
7,2016,10,16,2016-10-16,68.5,62.7,1012.0,9.2,8.6,15.9,22.0,72.0,53.1,0.24,999.9,0,790,42,16,24,12,0,44,2,8,181,49,47,6,79,203,26,31,7,3,0,1,2,0,0,4,1,1,1,0,0,0,0,0,0,0,0,0
1,2016,10,17,2016-10-17,71.8,64.5,1004.9,9.9,12.5,22.0,32.1,82.0,64.9,0.05,999.9,0,817,60,15,50,13,0,56,5,1,192,37,57,9,96,155,29,26,2,5,1,0,0,0,1,1,2,3,0,0,0,1,0,0,0,0,0,0
2,2016,10,18,2016-10-18,73.9,58.8,1002.0,10.0,14.1,24.1,34.0,82.0,63.0,0.0,999.9,0,774,50,10,39,12,0,48,5,3,193,36,66,5,72,153,27,24,5,7,2,0,0,1,2,6,4,3,1,0,0,0,0,0,0,0,0,0
3,2016,10,19,2016-10-19,60.4,46.0,1016.6,10.0,3.3,8.9,999.9,75.9,48.9,0.0,999.9,0,712,53,16,40,12,1,34,3,3,155,41,55,11,88,129,26,29,2,8,0,0,0,1,1,0,1,2,0,0,0,0,0,1,0,0,0,0
4,2016,10,20,2016-10-20,54.8,47.2,1019.9,10.0,9.3,18.1,22.0,71.1,48.9,0.02,999.9,0,717,40,20,51,9,1,46,0,2,167,43,54,9,80,130,28,27,4,3,0,0,0,1,0,1,0,0,1,0,0,0,0,0,0,0,0,0
5,2016,10,21,2016-10-21,47.7,33.9,1021.6,10.0,12.0,15.0,22.9,55.9,43.0,0.0,999.9,0,760,43,18,42,5,3,55,2,1,196,32,67,8,80,115,34,44,5,4,0,1,1,0,0,1,2,0,0,0,0,0,0,1,0,0,0,0
6,2016,10,22,2016-10-22,46.6,32.2,1019.3,10.0,6.5,11.1,15.0,60.1,37.0,0.0,999.9,0,773,38,15,44,4,0,69,4,1,186,38,40,7,91,150,28,39,5,7,0,0,1,0,0,2,1,2,1,0,0,0,0,0,0,0,0,0
7,2016,10,23,2016-10-23,55.0,43.7,1013.9,9.8,7.3,20.0,28.0,73.0,37.0,0.0,999.9,0,785,45,12,31,10,0,36,3,2,178,42,50,9,97,172,23,45,7,4,0,0,0,1,0,8,3,6,1,0,0,0,0,0,0,0,0,0
1,2016,10,24,2016-10-24,53.7,40.3,1024.7,10.0,9.2,17.1,20.0,73.0,41.0,0.0,999.9,0,770,50,21,54,9,0,53,2,3,203,38,50,7,68,133,37,25,5,4,1,0,0,0,1,0,1,3,1,0,0,1,0,0,0,0,0,0
2,2016,10,25,2016-10-25,46.0,36.8,1029.9,10.0,3.6,8.9,999.9,59.0,36.0,0.0,999.9,0,736,44,24,51,10,1,47,3,2,190,35,60,4,85,105,25,34,2,4,0,0,0,1,0,5,2,2,0,0,0,0,0,0,0,0,0,0
3,2016,10,26,2016-10-26,47.8,42.1,1024.1,7.9,11.5,22.0,28.9,54.0,36.0,0.3,999.9,0,699,43,17,53,5,1,59,1,1,182,43,59,6,58,106,21,29,3,6,0,0,0,0,0,3,1,2,0,0,0,0,0,0,0,0,0,0
4,2016,10,27,2016-10-27,47.6,42.6,1021.0,7.3,7.6,13.0,999.9,51.1,44.1,1.3,999.9,0,731,40,14,46,7,1,51,3,2,206,29,49,2,83,116,25,38,7,6,1,0,1,0,0,0,1,3,0,0,0,0,0,0,0,0,0,0
5,2016,10,28,2016-10-28,48.9,43.4,1022.2,9.5,6.6,14.0,999.9,62.1,37.9,0.0,999.9,0,802,35,16,42,13,0,73,5,2,223,29,48,2,100,133,20,42,3,3,1,0,4,0,0,0,3,4,0,0,0,0,0,1,0,0,0,0
6,2016,10,29,2016-10-29,65.8,58.1,1012.5,9.9,11.2,18.1,27.0,70.0,59.0,0.0,999.9,0,831,44,17,26,18,0,67,3,4,149,35,47,5,136,191,20,38,5,6,0,1,3,0,1,0,8,7,0,0,0,0,0,0,0,0,0,0
7,2016,10,30,2016-10-30,54.5,49.3,1018.7,9.3,9.6,14.0,18.1,71.1,50.0,0.5,999.9,0,786,51,12,38,11,0,51,5,2,171,31,59,3,75,198,23,36,2,7,2,0,0,1,0,0,0,7,0,0,0,0,0,1,0,0,0,0
1,2016,10,31,2016-10-31,47.9,41.4,1020.3,10.0,6.6,13.0,999.9,57.9,37.9,0.0,999.9,0,867,57,14,56,10,0,66,3,1,188,54,59,9,141,145,19,25,6,8,0,0,0,1,0,0,1,4,0,0,0,0,0,0,0,0,0,0
2,2016,11,01,2016-11-01,65.3,55.7,1011.4,10.0,10.8,15.0,22.0,75.0,41.0,0.0,999.9,0,910,60,18,46,16,1,125,1,4,183,51,58,12,95,145,31,35,17,2,1,1,0,0,0,0,2,4,1,0,0,0,0,1,0,0,0,0
3,2016,11,02,2016-11-02,62.3,57.5,1017.2,7.5,4.6,14.0,18.1,75.0,57.0,0.0,999.9,0,749,37,13,48,8,0,40,0,2,202,42,51,7,95,145,17,26,2,5,0,0,0,0,0,0,3,5,0,0,0,0,0,1,0,0,0,0
4,2016,11,03,2016-11-03,56.0,50.5,1021.5,6.6,4.8,13.0,999.9,66.9,48.0,0.18,999.9,0,783,46,11,49,3,0,51,4,1,163,45,75,1,97,182,9,28,5,5,0,0,0,0,0,0,2,5,1,0,0,0,0,0,0,0,0,0
5,2016,11,04,2016-11-04,52.8,44.1,1029.1,10.0,4.4,8.9,999.9,66.9,39.9,0.0,999.9,0,783,38,24,45,3,0,59,2,4,199,40,44,5,103,141,19,45,3,2,1,0,0,0,0,0,1,3,2,0,0,0,0,0,0,0,0,0
6,2016,11,05,2016-11-05,54.7,44.3,1027.1,10.0,5.9,12.0,999.9,68.0,43.0,0.0,999.9,0,821,35,18,42,11,0,42,3,1,204,36,53,6,101,178,22,51,3,6,0,0,1,0,0,3,0,4,1,0,0,0,0,0,0,0,0,0
7,2016,11,06,2016-11-06,56.1,46.5,1026.8,9.7,3.4,7.0,999.9,69.1,42.1,0.0,999.9,0,753,38,6,31,14,1,32,3,0,166,37,56,6,113,166,23,42,7,7,0,0,0,0,0,0,0,4,0,0,0,1,0,0,0,0,0,0
1,2016,11,07,2016-11-07,53.8,42.7,1026.1,9.9,3.8,8.9,999.9,69.1,42.1,0.0,999.9,0,738,52,15,54,13,0,49,3,1,174,43,40,12,98,127,17,32,0,4,0,0,0,0,0,0,1,3,0,0,0,0,0,0,0,0,0,0
2,2016,11,08,2016-11-08,55.7,45.4,1022.2,9.8,7.4,13.0,999.9,66.0,43.0,0.03,999.9,0,644,46,10,50,14,0,49,4,4,140,33,48,3,54,123,20,30,1,4,3,0,0,0,2,4,0,2,0,0,0,0,0,0,0,0,0,0
3,2016,11,09,2016-11-09,49.5,35.4,1026.0,10.0,8.1,15.0,999.9,63.0,41.0,0.0,999.9,0,680,34,15,42,7,1,40,0,4,195,36,46,3,70,114,20,36,2,7,1,1,0,0,0,3,1,1,0,0,0,0,0,1,0,0,0,0
4,2016,11,10,2016-11-10,49.4,33.8,1020.2,10.0,10.1,20.0,28.9,63.0,41.0,0.0,999.9,0,723,48,20,39,8,2,54,0,3,184,33,44,2,93,114,25,38,2,6,0,2,0,0,1,0,3,1,1,0,0,0,0,0,0,0,0,0
5,2016,11,11,2016-11-11,49.4,36.1,1022.0,10.0,12.1,20.0,28.9,57.0,43.0,0.0,999.9,0,798,61,19,54,13,0,54,1,0,193,45,39,7,89,118,46,44,4,4,0,0,1,0,1,5,0,0,0,0,0,0,0,0,0,0,0,0
6,2016,11,12,2016-11-12,41.8,31.4,1030.3,10.0,6.7,12.0,15.9,52.0,30.9,0.0,999.9,0,780,41,17,44,12,0,35,3,1,181,41,48,5,104,155,32,47,7,2,0,0,0,0,0,1,2,2,0,0,0,0,0,0,0,0,0,0
7,2016,11,13,2016-11-13,44.6,30.4,1022.5,10.0,7.8,13.0,21.0,55.9,31.1,0.0,999.9,0,660,44,15,26,13,0,30,2,3,150,36,37,7,80,129,26,50,5,2,0,0,1,1,0,0,0,3,0,0,0,0,0,0,0,0,0,0
1,2016,11,14,2016-11-14,48.4,35.5,1014.0,10.0,6.9,11.1,15.9,60.1,35.1,0.0,999.9,0,670,45,24,46,7,0,42,4,2,163,34,50,3,64,116,23,29,4,4,1,1,0,0,1,0,2,4,1,0,0,0,0,0,0,0,0,0
2,2016,11,15,2016-11-15,46.0,42.3,1011.7,6.3,3.0,8.0,999.9,60.1,37.9,0.0,999.9,1,712,52,21,54,9,0,55,1,3,155,35,53,5,82,107,23,41,4,3,0,0,0,0,0,6,1,2,0,0,0,0,0,0,0,0,0,0
3,2016,11,16,2016-11-16,48.1,41.7,1012.8,8.3,3.3,7.0,999.9,60.1,37.9,0.0,999.9,0,770,39,22,44,18,1,64,4,3,185,45,55,4,84,134,25,28,2,3,0,0,0,0,1,5,0,3,1,0,0,0,0,0,0,0,0,0
4,2016,11,17,2016-11-17,54.6,45.8,1010.3,7.9,10.3,18.1,24.1,72.0,39.0,0.0,999.9,0,811,44,26,63,12,0,48,3,3,202,38,62,5,87,120,47,33,2,1,0,0,0,1,0,10,0,4,0,0,0,0,0,0,0,0,0,0
5,2016,11,18,2016-11-18,62.0,49.2,1008.3,9.5,14.8,24.1,35.0,72.0,44.1,0.0,999.9,0,794,52,27,57,8,0,60,6,2,192,47,56,4,86,113,41,34,1,1,1,0,0,0,0,3,2,1,0,0,0,0,0,0,0,0,0,0
6,2016,11,19,2016-11-19,37.9,24.8,1016.2,10.0,18.5,24.1,35.0,48.0,34.0,0.21,999.9,0,677,37,19,39,7,0,38,4,0,172,40,41,3,95,128,14,30,3,1,0,0,0,0,0,0,2,4,0,0,0,0,0,0,0,0,0,0
7,2016,11,20,2016-11-20,29.2,15.9,1026.9,10.0,9.5,14.0,18.1,39.0,23.0,0.01,999.9,0,663,44,15,34,8,1,44,3,3,143,31,42,7,96,133,24,23,3,2,1,0,0,0,0,1,0,5,0,0,0,0,0,0,0,0,0,0
1,2016,11,21,2016-11-21,30.1,17.2,1026.6,10.0,4.7,8.0,999.9,41.0,21.9,0.0,999.9,0,683,48,15,54,4,1,58,3,2,189,40,46,4,68,86,34,13,3,8,2,0,0,0,0,0,1,2,1,0,0,0,0,1,0,0,0,0
2,2016,11,22,2016-11-22,32.8,25.5,1026.3,10.0,5.4,13.0,999.9,41.0,21.9,0.0,999.9,0,722,42,14,58,9,1,56,5,3,178,32,43,5,78,100,37,42,5,10,0,0,0,0,0,1,1,1,1,0,0,0,0,0,0,0,0,0
3,2016,11,23,2016-11-23,39.8,35.6,1018.6,5.2,9.2,14.0,999.9,43.0,24.3,0.17,999.9,0,699,45,14,61,8,2,66,2,1,172,47,46,5,69,89,15,37,4,3,0,1,0,1,0,5,4,2,0,0,0,0,0,0,0,0,0,0
4,2016,11,24,2016-11-24,40.3,36.5,1018.9,8.7,7.8,11.1,999.9,44.6,37.0,0.06,999.9,0,534,42,9,43,4,0,18,3,1,98,28,43,6,79,129,4,20,5,1,1,0,0,0,0,0,0,0,0,0,0,0,0,0,0,0,0,0
5,2016,11,25,2016-11-25,37.3,32.6,1025.4,8.7,7.0,13.0,18.1,43.0,35.1,0.0,999.9,0,689,28,9,36,8,1,62,2,1,184,33,36,4,86,115,35,34,2,4,0,1,1,0,0,0,3,3,1,0,0,0,0,0,0,0,0,0
6,2016,11,26,2016-11-26,37.8,32.2,1026.3,10.0,6.6,11.1,15.9,46.9,30.9,0.0,999.9,0,719,43,13,36,9,0,32,7,2,185,43,33,2,103,128,35,25,6,5,1,1,1,1,0,4,1,2,1,0,0,0,0,0,0,0,0,0
7,2016,11,27,2016-11-27,37.8,35.0,1018.4,5.8,7.2,11.1,999.9,46.9,31.1,0.0,999.9,0,693,48,11,33,14,0,27,3,1,152,45,33,4,88,155,35,31,3,5,1,1,0,0,0,0,0,3,0,0,0,0,0,0,0,0,0,0
1,2016,11,28,2016-11-28,44.1,40.5,1002.0,7.8,15.2,20.0,28.9,50.0,32.0,0.28,999.9,0,693,40,20,52,3,3,47,1,1,196,37,51,6,79,91,20,40,1,0,0,0,0,1,0,0,1,3,0,0,0,0,0,0,0,0,0,0
2,2016,11,29,2016-11-29,49.7,42.7,995.8,9.3,12.6,20.0,25.1,57.0,41.0,0.76,999.9,0,698,40,15,46,14,0,55,0,3,176,36,50,1,81,104,28,24,3,8,2,0,0,0,0,8,1,2,1,0,0,0,0,0,0,0,0,0
3,2016,11,30,2016-11-30,40.8,34.8,1002.1,9.9,8.3,15.0,19.0,57.0,34.0,0.0,999.9,0,697,34,10,50,9,0,57,1,0,181,34,44,3,63,137,31,28,3,1,1,1,0,0,0,5,0,2,1,0,0,1,0,0,0,0,0,0
4,2016,12,01,2016-12-01,37.5,31.8,1007.6,10.0,12.5,15.9,24.1,45.0,34.0,0.0,999.9,0,822,63,16,30,12,1,133,5,7,202,37,32,10,89,114,14,34,9,4,1,2,0,0,0,0,5,2,0,0,0,0,0,0,0,0,0,0
5,2016,12,02,2016-12-02,37.4,30.0,1019.1,10.0,8.8,12.0,18.1,41.0,35.1,0.0,999.9,0,835,60,24,57,12,1,65,2,0,206,41,40,3,83,143,43,34,4,8,0,1,0,0,0,0,2,3,1,0,0,1,0,1,0,0,0,0
6,2016,12,03,2016-12-03,33.3,23.2,1027.3,10.0,6.1,11.1,999.9,39.9,30.0,0.0,999.9,0,758,39,21,43,9,0,49,0,1,196,47,43,5,99,123,23,43,4,7,0,0,0,0,0,2,3,1,0,0,0,0,0,0,0,0,0,0
7,2016,12,04,2016-12-04,31.5,26.8,1021.7,6.5,2.9,7.0,999.9,34.0,28.9,0.0,5.9,1,595,34,3,26,7,1,24,1,0,143,35,37,5,72,135,19,38,3,4,0,1,0,0,0,0,2,5,0,0,0,0,0,0,0,0,0,0
1,2016,12,05,2016-12-05,31.9,30.2,1016.0,5.1,7.6,17.1,19.0,33.8,26.6,0.5,3.1,0,678,47,16,51,4,0,63,3,5,160,23,48,7,66,106,25,40,2,9,0,0,0,0,0,1,0,2,0,0,0,0,0,0,0,0,0,0
2,2016,12,06,2016-12-06,32.9,30.3,1011.9,4.4,6.5,18.1,22.9,41.0,25.0,0.0,2.0,1,688,40,17,47,8,0,51,2,2,173,48,52,6,69,101,32,27,1,1,1,0,0,0,0,3,2,2,2,0,0,1,0,0,0,0,0,0
3,2016,12,07,2016-12-07,26.2,18.3,1017.3,10.0,13.2,18.1,22.9,41.0,24.1,0.0,2.0,0,660,45,19,46,6,0,43,2,5,162,27,44,2,73,114,18,44,2,2,0,0,0,0,0,2,3,1,0,0,0,0,0,0,0,0,0,0
4,2016,12,08,2016-12-08,21.3,12.7,1024.1,10.0,15.9,20.0,29.9,27.0,17.1,0.0,999.9,0,606,41,13,39,5,0,46,2,1,173,28,50,6,49,80,24,34,6,7,0,0,0,0,0,0,0,1,1,0,0,0,0,0,0,0,0,0
5,2016,12,09,2016-12-09,22.9,15.3,1032.4,9.5,9.8,14.0,17.1,25.0,19.0,0.01,999.9,0,668,53,9,43,9,0,68,0,3,151,36,37,6,58,108,31,40,6,3,0,0,0,0,0,0,3,3,1,0,0,0,0,0,0,0,0,0
6,2016,12,10,2016-12-10,20.1,12.5,1033.4,9.5,7.4,9.9,999.9,25.0,18.0,0.0,999.9,0,612,48,14,33,8,0,38,2,1,145,31,38,3,71,104,32,36,4,2,0,0,0,1,0,0,1,0,0,0,0,0,0,0,0,0,0,0
7,2016,12,11,2016-12-11,26.0,23.1,1020.7,2.6,8.4,13.0,999.9,32.0,18.0,0.18,5.1,1,512,28,7,25,5,0,30,2,0,119,28,35,2,61,111,21,31,3,2,1,0,0,0,0,0,0,1,0,0,0,0,0,0,0,0,0,0
1,2016,12,12,2016-12-12,25.2,21.0,1015.0,5.6,10.2,15.0,22.9,33.8,14.0,0.38,5.1,1,629,48,19,60,7,1,64,2,0,139,34,40,4,55,83,31,29,5,2,0,0,0,0,0,0,2,3,0,0,0,1,0,0,0,0,0,0
2,2016,12,13,2016-12-13,15.0,7.0,1021.5,8.3,7.6,12.0,999.9,32.0,7.0,0.0,5.1,0,575,50,15,30,7,0,55,2,1,141,26,31,5,43,92,24,45,0,5,2,0,0,0,0,0,0,0,0,0,1,0,0,0,0,0,0,0
3,2016,12,14,2016-12-14,9.6,-0.3,1023.3,10.0,11.6,20.0,29.9,21.9,1.9,0.0,3.9,0,610,38,13,50,4,1,52,2,2,172,30,42,2,48,89,29,26,4,3,1,0,1,1,0,0,0,0,0,0,0,0,0,0,0,0,0,0
4,2016,12,15,2016-12-15,3.9,-6.7,1028.6,9.9,13.0,20.0,29.9,19.0,-2.0,0.0,3.9,0,580,39,15,26,2,1,73,2,1,147,29,37,8,56,83,21,31,1,2,0,1,0,0,0,0,2,1,2,0,0,0,0,0,0,0,0,0
5,2016,12,16,2016-12-16,11.7,2.5,1025.0,9.4,7.7,15.0,999.9,19.0,0.0,0.0,3.9,1,695,34,14,53,4,1,69,2,4,172,32,39,3,63,113,25,52,5,0,0,0,0,0,0,1,0,6,2,0,0,1,0,0,0,0,0,0
6,2016,12,17,2016-12-17,20.4,16.3,1007.6,5.5,6.6,14.0,999.9,21.9,7.0,0.13,5.1,0,614,28,13,28,9,0,52,0,0,177,35,34,3,61,110,24,31,0,1,1,0,1,0,0,1,1,4,0,0,0,0,0,0,0,0,0,0
7,2016,12,18,2016-12-18,11.3,4.4,1026.7,6.4,13.2,24.1,28.9,21.9,-2.0,0.15,5.9,0,526,33,9,22,9,0,33,2,0,97,29,40,4,43,137,23,36,2,2,2,0,0,0,0,0,2,1,0,0,0,0,0,0,0,0,0,0
1,2016,12,19,2016-12-19,-0.6,-10.3,1040.2,10.0,8.8,14.0,20.0,18.0,-13.0,0.03,5.9,0,660,71,18,41,6,1,66,0,3,148,36,48,3,53,106,17,39,3,0,0,0,0,0,0,0,0,1,0,0,0,0,0,0,0,0,0,0
2,2016,12,20,2016-12-20,19.6,7.6,1027.0,10.0,14.5,22.9,29.9,28.0,12.9,0.0,5.9,0,693,62,15,45,16,0,57,3,1,189,32,37,4,47,102,20,54,1,2,1,0,1,1,0,1,2,0,0,0,0,0,0,0,0,0,0,0
3,2016,12,21,2016-12-21,26.0,18.7,1019.9,10.0,7.9,17.1,999.9,34.0,14.0,0.0,5.1,0,729,48,17,50,5,0,72,1,1,181,47,56,3,72,102,33,27,2,8,1,0,1,0,0,1,1,0,0,0,0,0,0,0,0,0,0,0
4,2016,12,22,2016-12-22,34.1,25.7,1021.6,10.0,9.2,13.0,999.9,37.0,19.0,0.0,3.9,0,702,41,15,66,8,0,57,0,3,176,41,44,6,73,114,24,28,2,2,1,0,0,0,0,0,0,1,0,0,0,0,0,0,0,0,0,0
5,2016,12,23,2016-12-23,30.6,25.2,1025.3,9.1,6.1,11.1,999.9,37.0,24.1,0.0,3.1,0,728,46,13,51,8,0,60,1,1,186,33,33,7,78,127,29,45,2,3,1,0,0,0,0,0,0,2,1,0,0,0,0,1,0,0,0,0
6,2016,12,24,2016-12-24,34.9,31.3,1020.7,6.1,5.1,11.1,999.9,37.9,27.1,0.1,2.0,0,604,35,16,46,8,0,34,4,2,148,35,36,4,71,115,6,37,0,0,0,2,0,0,0,0,1,3,1,0,0,0,0,0,0,0,0,0
7,2016,12,25,2016-12-25,33.3,30.4,1028.5,4.6,10.2,18.1,24.1,37.9,32.0,0.0,1.2,0,488,32,12,41,4,0,15,1,3,77,25,44,9,65,118,5,25,2,0,0,1,0,0,0,0,2,7,0,0,0,0,0,0,0,0,0,0
1,2016,12,26,2016-12-26,45.1,39.2,1013.4,5.8,14.5,22.0,36.9,54.0,32.0,0.32,1.2,1,647,37,18,40,11,0,38,4,2,156,29,39,3,80,143,12,29,1,1,3,0,0,0,0,0,0,1,0,0,0,0,0,0,0,0,0,0
2,2016,12,27,2016-12-27,28.0,18.5,1019.0,10.0,13.9,25.1,33.0,37.9,25.0,0.23,999.9,0,663,38,9,44,9,1,74,3,0,149,44,49,3,68,109,28,29,0,2,0,0,2,0,0,0,0,2,0,0,0,0,0,0,0,0,0,0
3,2016,12,28,2016-12-28,29.6,22.0,1017.4,10.0,8.5,25.1,33.0,45.0,19.0,0.0,999.9,0,722,57,24,49,12,0,70,4,0,177,52,45,4,77,94,20,30,0,1,2,0,0,0,0,0,2,1,1,0,0,0,0,0,0,0,0,0
4,2016,12,29,2016-12-29,33.6,25.3,1009.9,9.8,14.1,21.0,28.9,45.0,19.2,0.0,999.9,0,647,47,15,38,12,1,60,3,3,140,29,37,3,75,107,30,36,3,6,1,0,0,0,0,0,0,1,0,0,0,0,0,0,0,0,0,0
5,2016,12,30,2016-12-30,29.3,17.1,1016.3,9.9,12.0,18.1,26.0,35.1,24.1,0.0,999.9,0,742,57,20,43,10,0,71,2,2,167,47,38,8,83,113,27,39,4,5,0,0,1,0,0,0,1,2,1,0,0,0,0,1,0,0,0,0
6,2016,12,31,2016-12-31,35.5,21.4,1004.8,10.0,13.8,21.0,33.0,39.9,24.1,0.0,999.9,0,704,44,16,38,8,1,36,1,3,153,43,37,9,101,149,14,37,8,2,0,0,1,1,0,0,0,2,0,0,0,0,0,0,0,0,0,0